-- phpMyAdmin SQL Dump
-- version 5.2.2
-- https://www.phpmyadmin.net/
--
-- Host: localhost:3306
-- Generation Time: Jul 26, 2025 at 04:52 PM
-- Server version: 8.4.3
-- PHP Version: 8.3.16

SET SQL_MODE = "NO_AUTO_VALUE_ON_ZERO";
START TRANSACTION;
SET time_zone = "+00:00";


/*!40101 SET @OLD_CHARACTER_SET_CLIENT=@@CHARACTER_SET_CLIENT */;
/*!40101 SET @OLD_CHARACTER_SET_RESULTS=@@CHARACTER_SET_RESULTS */;
/*!40101 SET @OLD_COLLATION_CONNECTION=@@COLLATION_CONNECTION */;
/*!40101 SET NAMES utf8mb4 */;

--
-- Database: `qa`
--

-- --------------------------------------------------------

--
-- Table structure for table `cart_items`
--

CREATE TABLE `cart_items` (
  `id` bigint UNSIGNED NOT NULL,
  `user_id` bigint UNSIGNED DEFAULT NULL,
  `session_id` varchar(255) COLLATE utf8mb4_unicode_ci DEFAULT NULL,
  `product_id` bigint UNSIGNED NOT NULL,
  `quantity` int NOT NULL,
  `created_at` timestamp NULL DEFAULT NULL,
  `updated_at` timestamp NULL DEFAULT NULL
) ENGINE=InnoDB DEFAULT CHARSET=utf8mb4 COLLATE=utf8mb4_unicode_ci;

--
-- Dumping data for table `cart_items`
--

INSERT INTO `cart_items` (`id`, `user_id`, `session_id`, `product_id`, `quantity`, `created_at`, `updated_at`) VALUES
(16, NULL, 'W9NYoBpobsU4egt9l987OZTVxio99QLsrTf3g0rv', 39, 1, '2025-07-08 10:27:58', '2025-07-08 10:27:58'),
(21, NULL, 'mJO7pl1Iu9pJwp5tlwe9wq4oBblkC5kXnzH9y9fs', 34, 2, '2025-07-09 00:22:17', '2025-07-09 00:22:17'),
(63, 57, NULL, 76, 1, '2025-07-18 00:26:40', '2025-07-18 00:26:40'),
(64, 57, NULL, 71, 1, '2025-07-18 01:32:53', '2025-07-18 01:32:53'),
(74, 1, NULL, 94, 1, '2025-07-25 02:10:19', '2025-07-25 02:10:19');

-- --------------------------------------------------------

--
-- Table structure for table `categories`
--

CREATE TABLE `categories` (
  `id` bigint UNSIGNED NOT NULL,
  `name` varchar(255) COLLATE utf8mb4_unicode_ci NOT NULL,
  `slug` varchar(255) COLLATE utf8mb4_unicode_ci NOT NULL,
  `description` text COLLATE utf8mb4_unicode_ci,
  `icon` varchar(255) COLLATE utf8mb4_unicode_ci NOT NULL DEFAULT 'squares-2x2',
  `is_active` tinyint(1) NOT NULL DEFAULT '1',
  `created_at` timestamp NULL DEFAULT NULL,
  `updated_at` timestamp NULL DEFAULT NULL
) ENGINE=InnoDB DEFAULT CHARSET=utf8mb4 COLLATE=utf8mb4_unicode_ci;

--
-- Dumping data for table `categories`
--

INSERT INTO `categories` (`id`, `name`, `slug`, `description`, `icon`, `is_active`, `created_at`, `updated_at`) VALUES
(1, 'Điện thoại & Phụ kiện', 'dien-thoai-phu-kien', 'Điện thoại thông minh, tai nghe, ốp lưng và các phụ kiện điện thoại', 'squares-2x2', 1, '2025-07-08 03:21:54', '2025-07-13 00:32:19'),
(2, 'Máy tính & Laptop', 'may-tinh-laptop', 'Laptop, máy tính để bàn, linh kiện máy tính', 'squares-2x2', 1, '2025-07-08 03:21:54', '2025-07-13 00:32:19'),
(3, 'Thời trang Nam', 'thoi-trang-nam', 'Quần áo, giày dép, phụ kiện thời trang nam', 'squares-2x2', 1, '2025-07-08 03:21:54', '2025-07-13 00:32:19'),
(4, 'Thời trang Nữ', 'thoi-trang-nu', 'Quần áo, giày dép, túi xách, phụ kiện thời trang nữ', 'squares-2x2', 1, '2025-07-08 03:21:54', '2025-07-13 00:32:19'),
(5, 'Mẹ & Bé', 'me-be', 'Đồ dùng cho mẹ và bé, đồ chơi trẻ em', 'squares-2x2', 1, '2025-07-08 03:21:54', '2025-07-13 00:32:19'),
(6, 'Nhà cửa & Đời sống', 'nha-cua-doi-song', 'Đồ gia dụng, nội thất, đồ trang trí', 'squares-2x2', 1, '2025-07-08 03:21:54', '2025-07-13 00:32:19'),
(7, 'Sách', 'sach', 'Sách giáo khoa, sách tham khảo, văn học', 'squares-2x2', 1, '2025-07-08 03:21:54', '2025-07-13 00:32:19'),
(8, 'Thể thao & Du lịch', 'the-thao-du-lich', 'Dụng cụ thể thao, đồ du lịch, camping', 'squares-2x2', 1, '2025-07-08 03:21:54', '2025-07-13 00:32:19'),
(11, 'test', 'test', 'test', 'squares-2x2', 1, '2025-07-16 01:41:49', '2025-07-16 01:41:49');

-- --------------------------------------------------------

--
-- Table structure for table `failed_jobs`
--

CREATE TABLE `failed_jobs` (
  `id` bigint UNSIGNED NOT NULL,
  `uuid` varchar(255) COLLATE utf8mb4_unicode_ci NOT NULL,
  `connection` text COLLATE utf8mb4_unicode_ci NOT NULL,
  `queue` text COLLATE utf8mb4_unicode_ci NOT NULL,
  `payload` longtext COLLATE utf8mb4_unicode_ci NOT NULL,
  `exception` longtext COLLATE utf8mb4_unicode_ci NOT NULL,
  `failed_at` timestamp NOT NULL DEFAULT CURRENT_TIMESTAMP
) ENGINE=InnoDB DEFAULT CHARSET=utf8mb4 COLLATE=utf8mb4_unicode_ci;

-- --------------------------------------------------------

--
-- Table structure for table `migrations`
--

CREATE TABLE `migrations` (
  `id` int UNSIGNED NOT NULL,
  `migration` varchar(255) COLLATE utf8mb4_unicode_ci NOT NULL,
  `batch` int NOT NULL
) ENGINE=InnoDB DEFAULT CHARSET=utf8mb4 COLLATE=utf8mb4_unicode_ci;

--
-- Dumping data for table `migrations`
--

INSERT INTO `migrations` (`id`, `migration`, `batch`) VALUES
(1, '2014_10_12_000000_create_users_table', 1),
(2, '2014_10_12_100000_create_password_reset_tokens_table', 1),
(3, '2019_08_19_000000_create_failed_jobs_table', 1),
(4, '2019_12_14_000001_create_personal_access_tokens_table', 1),
(5, '2025_07_08_085656_create_categories_table', 1),
(6, '2025_07_08_085659_create_products_table', 1),
(7, '2025_07_08_085701_create_orders_table', 1),
(8, '2025_07_08_085702_create_order_items_table', 1),
(9, '2025_07_08_085704_create_cart_items_table', 1),
(10, '2025_07_08_112818_create_reviews_table', 2),
(11, '2025_07_08_112835_add_sold_count_to_products_table', 2),
(12, '2025_07_08_135311_add_role_to_users_table', 3),
(13, '2025_07_08_154224_fix_products_images_field', 4),
(15, '2025_01_create_icon_for_categories', 5),
(16, '2025_01_15_000001_remove_unused_columns', 6),
(17, '2025_01_15_000002_drop_unused_indexes', 7),
(18, '2025_07_13_083754_remove_images_column_from_products_table', 8),
(20, '2025_07_16_065904_increase_price_precision_in_products_table', 9);

-- --------------------------------------------------------

--
-- Table structure for table `orders`
--

CREATE TABLE `orders` (
  `id` bigint UNSIGNED NOT NULL,
  `order_number` varchar(255) COLLATE utf8mb4_unicode_ci NOT NULL,
  `user_id` bigint UNSIGNED NOT NULL,
  `status` enum('pending','processing','shipped','delivered','cancelled') COLLATE utf8mb4_unicode_ci NOT NULL DEFAULT 'pending',
  `total_amount` decimal(10,2) NOT NULL,
  `tax_amount` decimal(10,2) NOT NULL DEFAULT '0.00',
  `shipping_amount` decimal(10,2) NOT NULL DEFAULT '0.00',
  `discount_amount` decimal(10,2) NOT NULL DEFAULT '0.00',
  `billing_address` json NOT NULL,
  `shipping_address` json NOT NULL,
  `payment_status` varchar(255) COLLATE utf8mb4_unicode_ci NOT NULL DEFAULT 'pending',
  `payment_method` varchar(255) COLLATE utf8mb4_unicode_ci DEFAULT NULL,
  `notes` text COLLATE utf8mb4_unicode_ci,
  `shipped_at` timestamp NULL DEFAULT NULL,
  `delivered_at` timestamp NULL DEFAULT NULL,
  `created_at` timestamp NULL DEFAULT NULL,
  `updated_at` timestamp NULL DEFAULT NULL
) ENGINE=InnoDB DEFAULT CHARSET=utf8mb4 COLLATE=utf8mb4_unicode_ci;

--
-- Dumping data for table `orders`
--

INSERT INTO `orders` (`id`, `order_number`, `user_id`, `status`, `total_amount`, `tax_amount`, `shipping_amount`, `discount_amount`, `billing_address`, `shipping_address`, `payment_status`, `payment_method`, `notes`, `shipped_at`, `delivered_at`, `created_at`, `updated_at`) VALUES
(1, 'ORD-20250708-686CF94E9626D', 1, 'cancelled', 80799000.00, 0.00, 30000.00, 0.00, '{\"city\": \"Ha Noi\", \"name\": \"thatx2\", \"ward\": \"d\", \"email\": \"phamthat2206@gmail.com\", \"phone\": \"d\", \"address\": \"d\", \"district\": \"d\"}', '{\"city\": \"Ha Noi\", \"name\": \"thatx2\", \"ward\": \"d\", \"email\": \"phamthat2206@gmail.com\", \"phone\": \"d\", \"address\": \"d\", \"district\": \"d\"}', 'pending', 'cod', NULL, NULL, NULL, '2025-07-08 03:56:14', '2025-07-08 04:03:11'),
(2, 'ORD-20250708-686CFAE680D4C', 1, 'cancelled', 63010000.00, 0.00, 30000.00, 0.00, '{\"city\": \"Da Nang\", \"name\": \"thatx2\", \"ward\": \"s\", \"email\": \"phamthat2206@gmail.com\", \"phone\": \"d\", \"address\": \"s\", \"district\": \"á\"}', '{\"city\": \"Da Nang\", \"name\": \"thatx2\", \"ward\": \"s\", \"email\": \"phamthat2206@gmail.com\", \"phone\": \"d\", \"address\": \"s\", \"district\": \"á\"}', 'pending', 'cod', NULL, NULL, NULL, '2025-07-08 04:03:02', '2025-07-08 09:58:49'),
(3, 'ORD-20250708-686CFBABE8CEC', 1, 'delivered', 229000.00, 0.00, 30000.00, 0.00, '{\"city\": \"Da Nang\", \"name\": \"thatx2\", \"ward\": \"d\", \"email\": \"phamthat2206@gmail.com\", \"phone\": \"d\", \"address\": \"d\", \"district\": \"d\"}', '{\"city\": \"Da Nang\", \"name\": \"thatx2\", \"ward\": \"d\", \"email\": \"phamthat2206@gmail.com\", \"phone\": \"d\", \"address\": \"d\", \"district\": \"d\"}', 'pending', 'bank_transfer', 'd', '2025-07-08 09:55:13', '2025-07-08 09:55:18', '2025-07-08 04:06:19', '2025-07-08 09:55:18'),
(4, 'ORD-20250708-686D24D04B6EB', 1, 'delivered', 62010000.00, 0.00, 30000.00, 0.00, '{\"city\": \"Can Tho\", \"name\": \"thatx2\", \"ward\": \"áda\", \"email\": \"phamthat2206@gmail.com\", \"phone\": \"áda\", \"address\": \"áas\", \"district\": \"ádad\"}', '{\"city\": \"Can Tho\", \"name\": \"thatx2\", \"ward\": \"áda\", \"email\": \"phamthat2206@gmail.com\", \"phone\": \"áda\", \"address\": \"áas\", \"district\": \"ádad\"}', 'paid', 'cod', NULL, '2025-07-08 09:40:08', '2025-07-08 09:40:17', '2025-07-08 07:01:52', '2025-07-08 09:59:05'),
(5, 'ORD-20250708-686D4F8168089', 1, 'delivered', 64010000.00, 0.00, 30000.00, 0.00, '{\"city\": \"Can Tho\", \"name\": \"thatx2\", \"ward\": \"An Khánh\", \"email\": \"phamthat2206@gmail.com\", \"phone\": \"0857120003\", \"address\": \"0001\", \"district\": \"Ninh Kiều\"}', '{\"city\": \"Can Tho\", \"name\": \"thatx2\", \"ward\": \"An Khánh\", \"email\": \"phamthat2206@gmail.com\", \"phone\": \"0857120003\", \"address\": \"0001\", \"district\": \"Ninh Kiều\"}', 'failed', 'cod', NULL, '2025-07-08 10:34:00', '2025-07-08 10:34:05', '2025-07-08 10:04:01', '2025-07-08 10:34:17'),
(6, 'ORD-20250708-686D4FCC799D7', 1, 'delivered', 229000.00, 0.00, 30000.00, 0.00, '{\"city\": \"Can Tho\", \"name\": \"thatx2\", \"ward\": \"An Khánh\", \"email\": \"phamthat2206@gmail.com\", \"phone\": \"0857120003\", \"address\": \"saaaa\", \"district\": \"Ninh Kiều\"}', '{\"city\": \"Can Tho\", \"name\": \"thatx2\", \"ward\": \"An Khánh\", \"email\": \"phamthat2206@gmail.com\", \"phone\": \"0857120003\", \"address\": \"saaaa\", \"district\": \"Ninh Kiều\"}', 'completed', 'cod', NULL, '2025-07-08 10:24:53', '2025-07-08 10:24:57', '2025-07-08 10:05:16', '2025-07-08 10:24:57'),
(7, 'ORD-20250708-686D4FEC38DDA', 1, 'cancelled', 380000.00, 0.00, 30000.00, 0.00, '{\"city\": \"Can Tho\", \"name\": \"thatx2\", \"ward\": \"An Khánh\", \"email\": \"phamthat2206@gmail.com\", \"phone\": \"0857120003\", \"address\": \"sssss\", \"district\": \"Ninh Kiều\"}', '{\"city\": \"Can Tho\", \"name\": \"thatx2\", \"ward\": \"An Khánh\", \"email\": \"phamthat2206@gmail.com\", \"phone\": \"0857120003\", \"address\": \"sssss\", \"district\": \"Ninh Kiều\"}', 'failed', 'bank_transfer', NULL, NULL, NULL, '2025-07-08 10:05:48', '2025-07-08 10:11:00'),
(8, 'ORD-20250708-686D5262CB0B4', 1, 'delivered', 7020000.00, 0.00, 30000.00, 0.00, '{\"city\": \"Can Tho\", \"name\": \"thatx2\", \"ward\": \"An Khánh\", \"email\": \"phamthat2206@gmail.com\", \"phone\": \"0857120003\", \"address\": \"aaa\", \"district\": \"Ninh Kiều\"}', '{\"city\": \"Can Tho\", \"name\": \"thatx2\", \"ward\": \"An Khánh\", \"email\": \"phamthat2206@gmail.com\", \"phone\": \"0857120003\", \"address\": \"aaa\", \"district\": \"Ninh Kiều\"}', 'completed', 'bank_transfer', NULL, '2025-07-08 10:23:15', '2025-07-08 10:24:25', '2025-07-08 10:16:18', '2025-07-08 10:24:25'),
(9, 'ORD-20250708-686D55457FCC0', 1, 'cancelled', 3520000.00, 0.00, 30000.00, 0.00, '{\"city\": \"Can Tho\", \"name\": \"thatx2\", \"ward\": \"An Khánh\", \"email\": \"phamthat2206@gmail.com\", \"phone\": \"0857120003\", \"address\": \"aaa\", \"district\": \"Ninh Kiều\"}', '{\"city\": \"Can Tho\", \"name\": \"thatx2\", \"ward\": \"An Khánh\", \"email\": \"phamthat2206@gmail.com\", \"phone\": \"0857120003\", \"address\": \"aaa\", \"district\": \"Ninh Kiều\"}', 'refunded', 'bank_transfer', NULL, NULL, NULL, '2025-07-08 10:28:37', '2025-07-08 10:30:39'),
(10, 'ORD-20250708-686D576A12BBE', 1, 'delivered', 46020000.00, 0.00, 30000.00, 0.00, '{\"city\": \"Can Tho\", \"name\": \"thatx2\", \"ward\": \"An Khánh\", \"email\": \"phamthat2206@gmail.com\", \"phone\": \"0857120003\", \"address\": \"aaa\", \"district\": \"Ninh Kiều\"}', '{\"city\": \"Can Tho\", \"name\": \"thatx2\", \"ward\": \"An Khánh\", \"email\": \"phamthat2206@gmail.com\", \"phone\": \"0857120003\", \"address\": \"aaa\", \"district\": \"Ninh Kiều\"}', 'completed', 'cod', NULL, '2025-07-08 10:42:30', '2025-07-08 10:42:33', '2025-07-08 10:37:46', '2025-07-08 10:42:33'),
(11, 'ORD-20250708-686D578FCF7F7', 1, 'cancelled', 30020000.00, 0.00, 30000.00, 0.00, '{\"city\": \"Can Tho\", \"name\": \"thatx2\", \"ward\": \"An Khánh\", \"email\": \"phamthat2206@gmail.com\", \"phone\": \"0857120003\", \"address\": \"ssss\", \"district\": \"Ninh Kiều\"}', '{\"city\": \"Can Tho\", \"name\": \"thatx2\", \"ward\": \"An Khánh\", \"email\": \"phamthat2206@gmail.com\", \"phone\": \"0857120003\", \"address\": \"ssss\", \"district\": \"Ninh Kiều\"}', 'refunded', 'bank_transfer', NULL, NULL, NULL, '2025-07-08 10:38:23', '2025-07-08 10:42:14'),
(12, 'ORD-20250713-6873F2E0C53B7', 1, 'cancelled', 81348000.00, 0.00, 30000.00, 0.00, '{\"city\": \"Cần Thơ\", \"name\": \"thatx2\", \"ward\": \"An Khánh\", \"email\": \"phamthat2206@gmail.com\", \"phone\": \"đâsaddas\", \"address\": \"số nhà 330\", \"district\": \"Ninh Kiều\"}', '{\"city\": \"Cần Thơ\", \"name\": \"thatx2\", \"ward\": \"An Khánh\", \"email\": \"phamthat2206@gmail.com\", \"phone\": \"đâsaddas\", \"address\": \"số nhà 330\", \"district\": \"Ninh Kiều\"}', 'failed', 'cod', NULL, NULL, NULL, '2025-07-13 10:54:40', '2025-07-13 10:55:16'),
(13, 'ORD-20250715-6875A3D5D3A54', 1, 'delivered', 229000.00, 0.00, 30000.00, 0.00, '{\"city\": \"Cà Mau\", \"name\": \"thatx2\", \"ward\": \"Phong Điền\", \"email\": \"phamthat2206@gmail.com\", \"phone\": \"0000000000\", \"address\": \"a300\", \"district\": \"Trần Văn Thời\"}', '{\"city\": \"Cà Mau\", \"name\": \"thatx2\", \"ward\": \"Phong Điền\", \"email\": \"phamthat2206@gmail.com\", \"phone\": \"0000000000\", \"address\": \"a300\", \"district\": \"Trần Văn Thời\"}', 'completed', 'cod', NULL, '2025-07-15 23:44:46', '2025-07-15 23:52:08', '2025-07-14 17:41:57', '2025-07-15 23:52:08'),
(14, 'ORD-20250715-6875B053DC5F5', 1, 'delivered', 229000.00, 0.00, 30000.00, 0.00, '{\"city\": \"Cần Thơ\", \"name\": \"thatx2\", \"ward\": \"Thạnh Hoà\", \"email\": \"phamthat2206@gmail.com\", \"phone\": \"0857120003\", \"address\": \"Aaaa\", \"district\": \"Thốt Nốt\"}', '{\"city\": \"Cần Thơ\", \"name\": \"thatx2\", \"ward\": \"Thạnh Hoà\", \"email\": \"phamthat2206@gmail.com\", \"phone\": \"0857120003\", \"address\": \"Aaaa\", \"district\": \"Thốt Nốt\"}', 'completed', 'cod', NULL, '2025-07-15 09:14:55', '2025-07-15 09:15:00', '2025-07-14 18:35:15', '2025-07-15 09:15:00'),
(15, 'ORD-20250715-68767B992554C', 1, 'delivered', 31020000.00, 0.00, 30000.00, 0.00, '{\"city\": \"Cần Thơ\", \"name\": \"thatx2\", \"ward\": \"An Khánh\", \"email\": \"phamthat2206@gmail.com\", \"phone\": \"0857120003\", \"address\": \"a33\", \"district\": \"Ninh Kiều\"}', '{\"city\": \"Cần Thơ\", \"name\": \"thatx2\", \"ward\": \"An Khánh\", \"email\": \"phamthat2206@gmail.com\", \"phone\": \"0857120003\", \"address\": \"a33\", \"district\": \"Ninh Kiều\"}', 'completed', 'bank_transfer', NULL, '2025-07-15 09:04:01', '2025-07-15 09:04:05', '2025-07-15 09:02:33', '2025-07-15 09:04:05'),
(16, 'ORD-20250716-68775BB2C9A73', 1, 'pending', 30222.00, 0.00, 30000.00, 0.00, '{\"city\": \"Cần Thơ\", \"name\": \"thatx2\", \"ward\": \"Tân Thới\", \"email\": \"phamthat2206@gmail.com\", \"phone\": \"0857120003\", \"address\": \"aaaa\", \"district\": \"Phong Điền\"}', '{\"city\": \"Cần Thơ\", \"name\": \"thatx2\", \"ward\": \"Tân Thới\", \"email\": \"phamthat2206@gmail.com\", \"phone\": \"0857120003\", \"address\": \"aaaa\", \"district\": \"Phong Điền\"}', 'completed', 'bank_transfer', NULL, NULL, NULL, '2025-07-16 00:58:42', '2025-07-16 00:58:42'),
(17, 'ORD-20250716-68776722BFA03', 53, 'cancelled', 229022.00, 0.00, 30000.00, 0.00, '{\"city\": \"Cần Thơ\", \"name\": \"tester\", \"ward\": \"Thuận Hưng\", \"email\": \"test@gmail.com\", \"phone\": \"0857120003\", \"address\": \"aaaa\", \"district\": \"Thốt Nốt\"}', '{\"city\": \"Cần Thơ\", \"name\": \"tester\", \"ward\": \"Thuận Hưng\", \"email\": \"test@gmail.com\", \"phone\": \"0857120003\", \"address\": \"aaaa\", \"district\": \"Thốt Nốt\"}', 'refunded', 'bank_transfer', NULL, NULL, NULL, '2025-07-16 01:47:30', '2025-07-16 01:47:43'),
(18, 'ORD-20250716-68776747DC881', 53, 'delivered', 30022.00, 0.00, 30000.00, 0.00, '{\"city\": \"Cần Thơ\", \"name\": \"tester\", \"ward\": \"Trường Xuân\", \"email\": \"test@gmail.com\", \"phone\": \"0857120003\", \"address\": \"sssssssss\", \"district\": \"Thới Lai\"}', '{\"city\": \"Cần Thơ\", \"name\": \"tester\", \"ward\": \"Trường Xuân\", \"email\": \"test@gmail.com\", \"phone\": \"0857120003\", \"address\": \"sssssssss\", \"district\": \"Thới Lai\"}', 'completed', 'bank_transfer', NULL, '2025-07-16 01:51:18', '2025-07-16 01:51:23', '2025-07-16 01:48:07', '2025-07-16 01:51:23'),
(19, 'ORD-20250716-6877A98E4D9D2', 55, 'cancelled', 28020000.00, 0.00, 30000.00, 0.00, '{\"city\": \"Kiên Giang\", \"name\": \"huynhnhu\", \"ward\": \"Thạnh Lộc\", \"email\": \"nhunhankg@gmail.com\", \"phone\": \"0975485106\", \"address\": \"ấp thạnh An\", \"district\": \"Giồng Riềng\"}', '{\"city\": \"Kiên Giang\", \"name\": \"huynhnhu\", \"ward\": \"Thạnh Lộc\", \"email\": \"nhunhankg@gmail.com\", \"phone\": \"0975485106\", \"address\": \"ấp thạnh An\", \"district\": \"Giồng Riềng\"}', 'failed', 'cod', NULL, NULL, NULL, '2025-07-16 06:30:54', '2025-07-16 06:31:11'),
(20, 'ORD-20250716-6877B7AF04506', 55, 'pending', 380000.00, 0.00, 30000.00, 0.00, '{\"city\": \"Bắc Kạn\", \"name\": \"huynhnhu\", \"ward\": \"Huyền Tụng\", \"email\": \"nhunhankg@gmail.com\", \"phone\": \"0975485106\", \"address\": \"abc\", \"district\": \"Bắc Kạn\"}', '{\"city\": \"Bắc Kạn\", \"name\": \"huynhnhu\", \"ward\": \"Huyền Tụng\", \"email\": \"nhunhankg@gmail.com\", \"phone\": \"0975485106\", \"address\": \"abc\", \"district\": \"Bắc Kạn\"}', 'pending', 'cod', NULL, NULL, NULL, '2025-07-16 07:31:11', '2025-07-16 07:31:11'),
(21, 'ORD-20250716-6877B91F1232B', 55, 'processing', 3020000.00, 0.00, 30000.00, 0.00, '{\"city\": \"Bắc Ninh\", \"name\": \"huynhnhu\", \"ward\": \"Châu Phong\", \"email\": \"nhunhankg@gmail.com\", \"phone\": \"0975485106\", \"address\": \"124\", \"district\": \"Quế Võ\"}', '{\"city\": \"Bắc Ninh\", \"name\": \"huynhnhu\", \"ward\": \"Châu Phong\", \"email\": \"nhunhankg@gmail.com\", \"phone\": \"0975485106\", \"address\": \"124\", \"district\": \"Quế Võ\"}', 'completed', 'bank_transfer', 'giao h hành chính', NULL, NULL, '2025-07-16 07:37:19', '2025-07-23 01:52:36'),
(22, 'ORD-20250717-6878F87E1456A', 56, 'cancelled', 346000.00, 0.00, 30000.00, 0.00, '{\"city\": \"Điện Biên\", \"name\": \"vinh11\", \"ward\": \"Phìn Hồ\", \"email\": \"quangvinh@gmail.com\", \"phone\": \"0111111111\", \"address\": \"dsasđssrdsa\", \"district\": \"Nậm Pồ\"}', '{\"city\": \"Điện Biên\", \"name\": \"vinh11\", \"ward\": \"Phìn Hồ\", \"email\": \"quangvinh@gmail.com\", \"phone\": \"0111111111\", \"address\": \"dsasđssrdsa\", \"district\": \"Nậm Pồ\"}', 'failed', 'cod', NULL, NULL, NULL, '2025-07-17 06:19:58', '2025-07-17 06:20:36'),
(23, 'ORD-20250717-6878F978DE1CD', 56, 'cancelled', 1686044.00, 0.00, 30000.00, 0.00, '{\"city\": \"Điện Biên\", \"name\": \"vinh11\", \"ward\": \"Pa Tần\", \"email\": \"quangvinh@gmail.com\", \"phone\": \"0777917925\", \"address\": \"sadassssssssss\", \"district\": \"Nậm Pồ\"}', '{\"city\": \"Điện Biên\", \"name\": \"vinh11\", \"ward\": \"Pa Tần\", \"email\": \"quangvinh@gmail.com\", \"phone\": \"0777917925\", \"address\": \"sadassssssssss\", \"district\": \"Nậm Pồ\"}', 'refunded', 'bank_transfer', NULL, NULL, NULL, '2025-07-17 06:24:08', '2025-07-17 06:50:06'),
(24, 'ORD-20250717-6878FF0D916F3', 56, 'cancelled', 30154.00, 0.00, 30000.00, 0.00, '{\"city\": \"Đà Nẵng\", \"name\": \"vinh11\", \"ward\": \"Hòa Cường Nam\", \"email\": \"quangvinh@gmail.com\", \"phone\": \"0777917925\", \"address\": \"sadasdeasdasdas\", \"district\": \"Hải Châu\"}', '{\"city\": \"Đà Nẵng\", \"name\": \"vinh11\", \"ward\": \"Hòa Cường Nam\", \"email\": \"quangvinh@gmail.com\", \"phone\": \"0777917925\", \"address\": \"sadasdeasdasdas\", \"district\": \"Hải Châu\"}', 'refunded', 'bank_transfer', NULL, NULL, NULL, '2025-07-17 06:47:57', '2025-07-17 06:50:01'),
(25, 'ORD-20250718-6879F68096709', 57, 'cancelled', 380000.00, 0.00, 30000.00, 0.00, '{\"city\": \"Đà Nẵng\", \"name\": \"VINH1111\", \"ward\": \"An Hải Đông\", \"email\": \"nqvinh0611@gmail.com\", \"phone\": \"0777917925\", \"address\": \"fdadfdsfsdfsd\", \"district\": \"Sơn Trà\"}', '{\"city\": \"Đà Nẵng\", \"name\": \"VINH1111\", \"ward\": \"An Hải Đông\", \"email\": \"nqvinh0611@gmail.com\", \"phone\": \"0777917925\", \"address\": \"fdadfdsfsdfsd\", \"district\": \"Sơn Trà\"}', 'refunded', 'bank_transfer', NULL, NULL, NULL, '2025-07-18 00:23:44', '2025-07-18 00:23:52'),
(26, 'ORD-20250723-6880A28013830', 1, 'processing', 380000.00, 0.00, 30000.00, 0.00, '{\"city\": \"Cần Thơ\", \"name\": \"thatx2\", \"ward\": \"Nhơn Nghĩa\", \"email\": \"phamthat2206@gmail.com\", \"phone\": \"0857120003\", \"address\": \"ttttt\", \"district\": \"Phong Điền\"}', '{\"city\": \"Cần Thơ\", \"name\": \"thatx2\", \"ward\": \"Nhơn Nghĩa\", \"email\": \"phamthat2206@gmail.com\", \"phone\": \"0857120003\", \"address\": \"ttttt\", \"district\": \"Phong Điền\"}', 'completed', 'bank_transfer', NULL, NULL, NULL, '2025-07-23 01:51:12', '2025-07-23 01:52:22'),
(27, 'ORD-20250723-6880A6240560C', 1, 'pending', 920000.00, 0.00, 30000.00, 0.00, '{\"city\": \"Cần Thơ\", \"name\": \"thatx2\", \"ward\": \"Thuận Hưng\", \"email\": \"phamthat2206@gmail.com\", \"phone\": \"0857120003\", \"address\": \"ssss\", \"district\": \"Thốt Nốt\"}', '{\"city\": \"Cần Thơ\", \"name\": \"thatx2\", \"ward\": \"Thuận Hưng\", \"email\": \"phamthat2206@gmail.com\", \"phone\": \"0857120003\", \"address\": \"ssss\", \"district\": \"Thốt Nốt\"}', 'completed', 'bank_transfer', NULL, NULL, NULL, '2025-07-23 02:06:44', '2025-07-23 02:06:44'),
(28, 'ORD-20250723-6880A64F5A769', 1, 'pending', 18020000.00, 0.00, 30000.00, 0.00, '{\"city\": \"Cần Thơ\", \"name\": \"thatx2\", \"ward\": \"Thới An\", \"email\": \"phamthat2206@gmail.com\", \"phone\": \"0857120003\", \"address\": \"ssss\", \"district\": \"Ô Môn\"}', '{\"city\": \"Cần Thơ\", \"name\": \"thatx2\", \"ward\": \"Thới An\", \"email\": \"phamthat2206@gmail.com\", \"phone\": \"0857120003\", \"address\": \"ssss\", \"district\": \"Ô Môn\"}', 'pending', 'cod', NULL, NULL, NULL, '2025-07-23 02:07:27', '2025-07-23 02:07:27'),
(29, 'ORD-20250725-68833459DF635', 62, 'cancelled', 3020000.00, 0.00, 30000.00, 0.00, '{\"city\": \"Cần Thơ\", \"name\": \"nhu\", \"ward\": \"Xuân Thắng\", \"email\": \"mmhfhf@gmai.com\", \"phone\": \"0987654321\", \"address\": \"gdtfsts\", \"district\": \"Thới Lai\"}', '{\"city\": \"Cần Thơ\", \"name\": \"nhu\", \"ward\": \"Xuân Thắng\", \"email\": \"mmhfhf@gmai.com\", \"phone\": \"0987654321\", \"address\": \"gdtfsts\", \"district\": \"Thới Lai\"}', 'refunded', 'bank_transfer', NULL, NULL, NULL, '2025-07-25 00:38:01', '2025-07-25 00:41:19'),
(30, 'ORD-20250725-68833B5252953', 1, 'cancelled', 18020000.00, 0.00, 30000.00, 0.00, '{\"city\": \"Bình Thuận\", \"name\": \"thatx2\", \"ward\": \"Sùng Nhơn\", \"email\": \"phamthat2206@gmail.com\", \"phone\": \"0857120003\", \"address\": \"ssssss\", \"district\": \"Đức Linh\"}', '{\"city\": \"Bình Thuận\", \"name\": \"thatx2\", \"ward\": \"Sùng Nhơn\", \"email\": \"phamthat2206@gmail.com\", \"phone\": \"0857120003\", \"address\": \"ssssss\", \"district\": \"Đức Linh\"}', 'failed', 'cod', NULL, NULL, NULL, '2025-07-25 01:07:46', '2025-07-25 01:08:01'),
(31, 'ORD-20250725-68833B97209AE', 1, 'cancelled', 229000.00, 0.00, 30000.00, 0.00, '{\"city\": \"Cần Thơ\", \"name\": \"thatx2\", \"ward\": \"Tân Thới\", \"email\": \"phamthat2206@gmail.com\", \"phone\": \"0857120003\", \"address\": \"dđ\", \"district\": \"Phong Điền\"}', '{\"city\": \"Cần Thơ\", \"name\": \"thatx2\", \"ward\": \"Tân Thới\", \"email\": \"phamthat2206@gmail.com\", \"phone\": \"0857120003\", \"address\": \"dđ\", \"district\": \"Phong Điền\"}', 'refunded', 'bank_transfer', NULL, NULL, NULL, '2025-07-25 01:08:55', '2025-07-25 01:09:06'),
(32, 'ORD-20250725-68833C3995531', 1, 'delivered', 380000.00, 0.00, 30000.00, 0.00, '{\"city\": \"Bình Thuận\", \"name\": \"thatx2\", \"ward\": \"Tân Hải\", \"email\": \"phamthat2206@gmail.com\", \"phone\": \"0857120003\", \"address\": \"aaaaa\", \"district\": \"La Gi\"}', '{\"city\": \"Bình Thuận\", \"name\": \"thatx2\", \"ward\": \"Tân Hải\", \"email\": \"phamthat2206@gmail.com\", \"phone\": \"0857120003\", \"address\": \"aaaaa\", \"district\": \"La Gi\"}', 'completed', 'cod', NULL, '2025-07-25 01:13:09', '2025-07-25 01:13:14', '2025-07-25 01:11:37', '2025-07-25 01:13:14');

-- --------------------------------------------------------

--
-- Table structure for table `order_items`
--

CREATE TABLE `order_items` (
  `id` bigint UNSIGNED NOT NULL,
  `order_id` bigint UNSIGNED NOT NULL,
  `product_id` bigint UNSIGNED NOT NULL,
  `quantity` int NOT NULL,
  `price` decimal(10,2) NOT NULL,
  `total` decimal(10,2) NOT NULL,
  `created_at` timestamp NULL DEFAULT NULL,
  `updated_at` timestamp NULL DEFAULT NULL
) ENGINE=InnoDB DEFAULT CHARSET=utf8mb4 COLLATE=utf8mb4_unicode_ci;

--
-- Dumping data for table `order_items`
--

INSERT INTO `order_items` (`id`, `order_id`, `product_id`, `quantity`, `price`, `total`, `created_at`, `updated_at`) VALUES
(8, 4, 33, 2, 30990000.00, 61980000.00, '2025-07-08 07:01:52', '2025-07-08 07:01:52'),
(9, 5, 30, 1, 32990000.00, 32990000.00, '2025-07-08 10:04:01', '2025-07-08 10:04:01'),
(10, 5, 33, 1, 30990000.00, 30990000.00, '2025-07-08 10:04:01', '2025-07-08 10:04:01'),
(11, 6, 36, 1, 199000.00, 199000.00, '2025-07-08 10:05:16', '2025-07-08 10:05:16'),
(12, 7, 38, 1, 350000.00, 350000.00, '2025-07-08 10:05:48', '2025-07-08 10:05:48'),
(13, 8, 35, 1, 6990000.00, 6990000.00, '2025-07-08 10:16:18', '2025-07-08 10:16:18'),
(14, 9, 40, 1, 3490000.00, 3490000.00, '2025-07-08 10:28:37', '2025-07-08 10:28:37'),
(15, 10, 34, 1, 45990000.00, 45990000.00, '2025-07-08 10:37:46', '2025-07-08 10:37:46'),
(16, 11, 31, 1, 29990000.00, 29990000.00, '2025-07-08 10:38:23', '2025-07-08 10:38:23'),
(17, 12, 30, 1, 32990000.00, 32990000.00, '2025-07-13 10:54:40', '2025-07-13 10:54:40'),
(18, 12, 31, 1, 29990000.00, 29990000.00, '2025-07-13 10:54:40', '2025-07-13 10:54:40'),
(19, 12, 36, 1, 199000.00, 199000.00, '2025-07-13 10:54:40', '2025-07-13 10:54:40'),
(20, 12, 71, 1, 17990000.00, 17990000.00, '2025-07-13 10:54:40', '2025-07-13 10:54:40'),
(21, 12, 74, 1, 149000.00, 149000.00, '2025-07-13 10:54:40', '2025-07-13 10:54:40'),
(22, 13, 70, 1, 199000.00, 199000.00, '2025-07-14 17:41:57', '2025-07-14 17:41:57'),
(23, 14, 36, 1, 199000.00, 199000.00, '2025-07-14 18:35:15', '2025-07-14 18:35:15'),
(24, 15, 33, 1, 30990000.00, 30990000.00, '2025-07-15 09:02:33', '2025-07-15 09:02:33'),
(25, 16, 92, 1, 222.00, 222.00, '2025-07-16 00:58:42', '2025-07-16 00:58:42'),
(26, 17, 70, 1, 199000.00, 199000.00, '2025-07-16 01:47:30', '2025-07-16 01:47:30'),
(27, 17, 93, 1, 22.00, 22.00, '2025-07-16 01:47:30', '2025-07-16 01:47:30'),
(28, 18, 93, 1, 22.00, 22.00, '2025-07-16 01:48:07', '2025-07-16 01:48:07'),
(29, 19, 33, 1, 27990000.00, 27990000.00, '2025-07-16 06:30:54', '2025-07-16 06:30:54'),
(30, 20, 38, 1, 350000.00, 350000.00, '2025-07-16 07:31:11', '2025-07-16 07:31:11'),
(31, 21, 90, 1, 2990000.00, 2990000.00, '2025-07-16 07:37:19', '2025-07-16 07:37:19'),
(32, 22, 87, 4, 79000.00, 316000.00, '2025-07-17 06:19:58', '2025-07-17 06:19:58'),
(33, 23, 36, 1, 199000.00, 199000.00, '2025-07-17 06:24:08', '2025-07-17 06:24:08'),
(34, 23, 38, 1, 350000.00, 350000.00, '2025-07-17 06:24:08', '2025-07-17 06:24:08'),
(35, 23, 70, 1, 199000.00, 199000.00, '2025-07-17 06:24:08', '2025-07-17 06:24:08'),
(36, 23, 74, 1, 149000.00, 149000.00, '2025-07-17 06:24:08', '2025-07-17 06:24:08'),
(37, 23, 76, 1, 350000.00, 350000.00, '2025-07-17 06:24:08', '2025-07-17 06:24:08'),
(38, 23, 77, 1, 250000.00, 250000.00, '2025-07-17 06:24:08', '2025-07-17 06:24:08'),
(39, 23, 88, 1, 159000.00, 159000.00, '2025-07-17 06:24:08', '2025-07-17 06:24:08'),
(40, 23, 93, 2, 22.00, 44.00, '2025-07-17 06:24:08', '2025-07-17 06:24:08'),
(41, 24, 93, 7, 22.00, 154.00, '2025-07-17 06:47:57', '2025-07-17 06:47:57'),
(42, 25, 76, 1, 350000.00, 350000.00, '2025-07-18 00:23:44', '2025-07-18 00:23:44'),
(43, 26, 76, 1, 350000.00, 350000.00, '2025-07-23 01:51:12', '2025-07-23 01:51:12'),
(44, 27, 78, 1, 890000.00, 890000.00, '2025-07-23 02:06:44', '2025-07-23 02:06:44'),
(45, 28, 71, 1, 17990000.00, 17990000.00, '2025-07-23 02:07:27', '2025-07-23 02:07:27'),
(46, 29, 75, 1, 2990000.00, 2990000.00, '2025-07-25 00:38:01', '2025-07-25 00:38:01'),
(47, 30, 71, 1, 17990000.00, 17990000.00, '2025-07-25 01:07:46', '2025-07-25 01:07:46'),
(48, 31, 70, 1, 199000.00, 199000.00, '2025-07-25 01:08:55', '2025-07-25 01:08:55'),
(49, 32, 76, 1, 350000.00, 350000.00, '2025-07-25 01:11:37', '2025-07-25 01:11:37');

-- --------------------------------------------------------

--
-- Table structure for table `password_reset_tokens`
--

CREATE TABLE `password_reset_tokens` (
  `email` varchar(255) COLLATE utf8mb4_unicode_ci NOT NULL,
  `token` varchar(255) COLLATE utf8mb4_unicode_ci NOT NULL,
  `created_at` timestamp NULL DEFAULT NULL
) ENGINE=InnoDB DEFAULT CHARSET=utf8mb4 COLLATE=utf8mb4_unicode_ci;

-- --------------------------------------------------------

--
-- Table structure for table `personal_access_tokens`
--

CREATE TABLE `personal_access_tokens` (
  `id` bigint UNSIGNED NOT NULL,
  `tokenable_type` varchar(255) COLLATE utf8mb4_unicode_ci NOT NULL,
  `tokenable_id` bigint UNSIGNED NOT NULL,
  `name` varchar(255) COLLATE utf8mb4_unicode_ci NOT NULL,
  `token` varchar(64) COLLATE utf8mb4_unicode_ci NOT NULL,
  `abilities` text COLLATE utf8mb4_unicode_ci,
  `last_used_at` timestamp NULL DEFAULT NULL,
  `expires_at` timestamp NULL DEFAULT NULL,
  `created_at` timestamp NULL DEFAULT NULL,
  `updated_at` timestamp NULL DEFAULT NULL
) ENGINE=InnoDB DEFAULT CHARSET=utf8mb4 COLLATE=utf8mb4_unicode_ci;

-- --------------------------------------------------------

--
-- Table structure for table `products`
--

CREATE TABLE `products` (
  `id` bigint UNSIGNED NOT NULL,
  `name` varchar(255) COLLATE utf8mb4_unicode_ci NOT NULL,
  `slug` varchar(255) COLLATE utf8mb4_unicode_ci NOT NULL,
  `description` text COLLATE utf8mb4_unicode_ci NOT NULL,
  `short_description` text COLLATE utf8mb4_unicode_ci,
  `price` decimal(12,2) NOT NULL,
  `sale_price` decimal(12,2) DEFAULT NULL,
  `sku` varchar(255) COLLATE utf8mb4_unicode_ci NOT NULL,
  `stock_quantity` int NOT NULL DEFAULT '0',
  `sold_count` int UNSIGNED NOT NULL DEFAULT '0',
  `average_rating` decimal(3,2) NOT NULL DEFAULT '0.00',
  `review_count` int UNSIGNED NOT NULL DEFAULT '0',
  `manage_stock` tinyint(1) NOT NULL DEFAULT '1',
  `in_stock` tinyint(1) NOT NULL DEFAULT '1',
  `is_active` tinyint(1) NOT NULL DEFAULT '1',
  `featured_image` varchar(255) COLLATE utf8mb4_unicode_ci DEFAULT NULL,
  `weight` decimal(8,2) DEFAULT NULL,
  `category_id` bigint UNSIGNED NOT NULL,
  `created_at` timestamp NULL DEFAULT NULL,
  `updated_at` timestamp NULL DEFAULT NULL
) ENGINE=InnoDB DEFAULT CHARSET=utf8mb4 COLLATE=utf8mb4_unicode_ci;

--
-- Dumping data for table `products`
--

INSERT INTO `products` (`id`, `name`, `slug`, `description`, `short_description`, `price`, `sale_price`, `sku`, `stock_quantity`, `sold_count`, `average_rating`, `review_count`, `manage_stock`, `in_stock`, `is_active`, `featured_image`, `weight`, `category_id`, `created_at`, `updated_at`) VALUES
(30, 'iPhone 15 Pro Max 256GB', 'iphone-15-pro-max-256gb', 'iPhone 15 Pro Max với chip A17 Pro mạnh mẽ', 'iPhone 15 Pro Max mới nhất', 34990000.00, 32990000.00, 'IP15PM256', 30, 443, 4.72, 29, 1, 1, 1, 'product-1.webp', NULL, 2, '2025-07-08 05:43:22', '2025-07-15 09:17:30'),
(31, 'Samsung Galaxy S24 Ultra 512GB', 'samsung-galaxy-s24-ultra-512gb', 'Samsung Galaxy S24 Ultra với bút S Pen, camera 200MP, màn hình Dynamic AMOLED 2X', 'Flagship Android mạnh mẽ nhất của Samsung', 31990000.00, 29990000.00, 'SGS24U512', 28, 264, 4.83, 29, 1, 1, 1, 'product-2.webp', NULL, 1, '2025-07-08 05:43:22', '2025-07-13 10:54:40'),
(32, 'Tai nghe AirPods Pro 2', 'tai-nghe-airpods-pro-2', 'AirPods Pro thế hệ 2 với chip H2, khử tiếng ồn chủ động, âm thanh Spatial Audio', 'Tai nghe không dây cao cấp từ Apple', 6990000.00, NULL, 'APP2', 100, 297, 4.72, 29, 1, 1, 1, 'product-3.webp', NULL, 1, '2025-07-08 05:43:22', '2025-07-09 04:39:56'),
(33, 'MacBook Air M3 13 inch 256GB', 'macbook-air-m3-13-inch-256gb', 'MacBook Air với chip M3 mạnh mẽ, màn hình Liquid Retina 13.6 inch, pin 18 giờ', 'MacBook Air M3 mới nhất với chip Apple Silicon', 29990000.00, 27990000.00, 'MBA13M3256', 19, 370, 4.66, 29, 1, 1, 1, 'product-4.webp', NULL, 2, '2025-07-08 05:43:22', '2025-07-16 06:30:54'),
(34, 'Dell XPS 13 Plus', 'dell-xps-13-plus', 'Dell XPS 13 Plus với Intel Core i7, RAM 16GB, SSD 512GB, màn hình 4K OLED', 'Laptop Windows cao cấp từ Dell', 45990000.00, NULL, 'DXPS13P', 14, 352, 4.82, 22, 1, 1, 1, 'product-5.webp', NULL, 2, '2025-07-08 05:43:22', '2025-07-09 04:39:56'),
(35, 'Gaming Chair DXRacer', 'gaming-chair-dxracer', 'Ghế gaming DXRacer với thiết kế ergonomic, đệm memory foam, điều chỉnh độ cao', 'Ghế gaming chuyên nghiệp', 7990000.00, 6990000.00, 'DXRC01', 19, 213, 4.72, 25, 1, 1, 1, 'product-6.webp', NULL, 2, '2025-07-08 05:43:22', '2025-07-09 04:39:56'),
(36, 'Áo polo nam cao cấp', 'ao-polo-nam-cao-cap', 'Áo polo nam chất liệu cotton 100%, form slimfit, nhiều màu lựa chọn', 'Áo polo nam phong cách lịch lãm', 299000.00, 199000.00, 'POLO01', 196, 80, 3.38, 8, 1, 1, 1, 'product-7.webp', NULL, 3, '2025-07-08 05:43:22', '2025-07-25 01:14:37'),
(37, 'Quần jeans nam Levi\'s 511', 'quan-jeans-nam-levis-511', 'Quần jeans Levi\'s 511 slimfit, chất liệu denim cao cấp, bền đẹp theo thời gian', 'Quần jeans nam thương hiệu nổi tiếng', 1290000.00, NULL, 'JEANS511', 150, 205, 4.33, 15, 1, 1, 1, 'product-8.webp', NULL, 3, '2025-07-08 05:43:22', '2025-07-09 04:39:56'),
(38, 'Váy maxi hoa nhí', 'vay-maxi-hoa-nhi', 'Váy maxi họa tiết hoa nhí, chất liệu voan mềm mại, phù hợp dạo phố và đi làm', 'Váy maxi nữ tính và thanh lịch', 450000.00, 350000.00, 'VAXY01', 77, 255, 3.41, 17, 1, 1, 1, 'product-9.webp', NULL, 4, '2025-07-08 05:43:22', '2025-07-17 06:24:08'),
(39, 'Túi xách nữ da thật', 'tui-xach-nu-da-that', 'Túi xách nữ da bò thật 100%, thiết kế sang trọng, nhiều ngăn tiện dụng', 'Túi xách nữ cao cấp', 890000.00, NULL, 'TUI01', 60, 360, 4.13, 24, 1, 1, 1, 'product-10.webp', NULL, 4, '2025-07-08 05:43:22', '2025-07-09 04:39:56'),
(40, 'Xe đẩy em bé 3 trong 1', 'xe-day-em-be-3-trong-1', 'Xe đẩy em bé đa năng 3 trong 1: xe đẩy, ghế ngồi ô tô, nôi em bé', 'Xe đẩy đa năng cho bé', 3990000.00, 3490000.00, 'XEDAYBB01', 39, 128, 4.59, 22, 1, 1, 1, 'product-11.webp', NULL, 5, '2025-07-08 05:43:22', '2025-07-09 04:39:56'),
(41, 'Bộ đồ chơi xếp hình', 'bo-do-choi-xep-hinh', 'Bộ đồ chơi xếp hình 100 chi tiết, phát triển trí thông minh cho bé từ 3 tuổi', 'Đồ chơi giáo dục cho bé', 299000.00, NULL, 'XEPHINHBB', 120, 182, 3.71, 14, 1, 1, 1, 'product-12.webp', NULL, 5, '2025-07-08 05:43:22', '2025-07-09 04:39:56'),
(42, 'Nồi cơm điện Philips 1.8L', 'noi-com-dien-philips-18l', 'Nồi cơm điện Philips dung tích 1.8L, công nghệ 3D, lòng nồi chống dính', 'Nồi cơm điện chất lượng cao', 1590000.00, 1290000.00, 'NOICOM18', 75, 255, 4.38, 26, 1, 1, 1, 'product-13.webp', NULL, 6, '2025-07-08 05:43:22', '2025-07-09 04:39:56'),
(43, 'Bộ dao kéo nhà bếp 7 món', 'bo-dao-keo-nha-bep-7-mon', 'Bộ dao kéo nhà bếp 7 món bằng thép không gỉ, có giá đỡ gỗ sang trọng', 'Bộ dụng cụ nhà bếp cao cấp', 690000.00, NULL, 'DAOKEO7M', 90, 396, 4.09, 22, 1, 1, 1, 'product-14.webp', NULL, 6, '2025-07-08 05:43:22', '2025-07-09 04:39:56'),
(68, 'Xiaomi Redmi Note 13 Pro 128GB', 'xiaomi-redmi-note-13-pro-128gb', 'Điện thoại Xiaomi Redmi Note 13 Pro với camera 200MP, pin 5000mAh, sạc nhanh 67W', NULL, 6990000.00, 5990000.00, 'PRD-BNXWOJZV', 93, 398, 4.50, 8, 1, 1, 1, 'product-21.webp', 2.77, 1, '2025-07-09 03:38:19', '2025-07-09 04:39:56'),
(69, 'OPPO Reno11 F 5G 256GB', 'oppo-reno11-f-5g-256gb', 'OPPO Reno11 F 5G thiết kế mỏng nhẹ, camera chân dung AI, hiệu năng mạnh mẽ', NULL, 8990000.00, NULL, 'PRD-GYSAMV1R', 85, 341, 4.10, 50, 1, 1, 1, 'product-22.webp', 0.36, 1, '2025-07-09 03:38:19', '2025-07-09 04:39:56'),
(70, 'Ốp lưng iPhone 15 Pro Max silicon', 'op-lung-iphone-15-pro-max-silicon', 'Ốp lưng silicon cao cấp cho iPhone 15 Pro Max, bảo vệ toàn diện, nhiều màu sắc', NULL, 299000.00, 199000.00, 'PRD-FTDVWIZ8', 56, 450, 4.48, 31, 1, 1, 1, 'product-23.webp', 4.64, 1, '2025-07-09 03:38:19', '2025-07-25 01:08:55'),
(71, 'ASUS TUF Gaming A15 Ryzen 7', 'asus-tuf-gaming-a15-ryzen-7', 'Laptop gaming ASUS TUF A15 với AMD Ryzen 7, RTX 4060, RAM 16GB, SSD 512GB', NULL, 19990000.00, 17990000.00, 'PRD-EI3BKBIF', 84, 256, 5.00, 50, 1, 1, 1, 'product-24.webp', 4.11, 2, '2025-07-09 03:38:19', '2025-07-25 01:07:46'),
(72, 'HP Pavilion 15 Intel Core i5', 'hp-pavilion-15-intel-core-i5', 'Laptop HP Pavilion 15 với Intel Core i5 Gen 12, RAM 8GB, SSD 256GB, thiết kế hiện đại', NULL, 15990000.00, NULL, 'PRD-3AQASTRH', 35, 20, 5.00, 50, 1, 1, 1, 'product-25.webp', 4.74, 2, '2025-07-09 03:38:19', '2025-07-09 04:39:56'),
(73, 'Chuột gaming Logitech G Pro X', 'chuot-gaming-logitech-g-pro-x', 'Chuột gaming Logitech G Pro X Superlight, cảm biến HERO 25K, trọng lượng 63g', NULL, 1590000.00, 1290000.00, 'PRD-Y5OF7BM0', 67, 139, 5.00, 50, 1, 1, 1, 'product-26.webp', 1.60, 2, '2025-07-09 03:38:19', '2025-07-13 01:24:51'),
(74, 'Áo thun nam basic cotton', 'ao-thun-nam-basic-cotton', 'Áo thun nam cotton 100%, form regular fit, nhiều màu sắc cơ bản', NULL, 199000.00, 149000.00, 'PRD-MGNZ0CXQ', 79, 453, 5.00, 50, 1, 1, 1, 'product-27.webp', 4.97, 3, '2025-07-09 03:38:19', '2025-07-17 06:24:08'),
(75, 'Giày sneaker Nike Air Force 1', 'giay-sneaker-nike-air-force-1', 'Giày sneaker Nike Air Force 1 classic, thiết kế iconic, chất liệu da cao cấp', NULL, 2990000.00, NULL, 'PRD-221UQ6XP', 59, 179, 5.00, 50, 1, 1, 1, 'product-28.webp', 4.28, 3, '2025-07-09 03:38:19', '2025-07-25 00:38:01'),
(76, 'Áo sơ mi nam công sở', 'ao-so-mi-nam-cong-so', 'Áo sơ mi nam công sở vải cotton, form slim fit, phù hợp đi làm và dự tiệc', NULL, 450000.00, 350000.00, 'PRD-TZBPG6IF', 38, 36, 4.86, 49, 1, 1, 1, 'product-29.webp', 3.22, 3, '2025-07-09 03:38:19', '2025-07-25 01:14:08'),
(77, 'Áo blouse nữ tay bồng', 'ao-blouse-nu-tay-bong', 'Áo blouse nữ tay bồng thanh lịch, chất liệu voan mềm mại, phù hợp đi làm', NULL, 350000.00, 250000.00, 'PRD-DOJZOWSE', 53, 319, 3.74, 31, 1, 1, 1, 'product-30.webp', 3.24, 4, '2025-07-09 03:38:19', '2025-07-17 06:24:08'),
(78, 'Giày cao gót 7cm', 'giay-cao-got-7cm', 'Giày cao gót nữ 7cm, thiết kế thanh lịch, chất liệu da mềm, phù hợp công sở', NULL, 890000.00, NULL, 'PRD-YRZYOFB3', 34, 47, 4.84, 50, 1, 1, 1, 'product-31.webp', 3.87, 4, '2025-07-09 03:38:19', '2025-07-23 02:06:44'),
(79, 'Chân váy midi dáng A', 'chan-vay-midi-dang-a', 'Chân váy midi dáng A thanh lịch, chất liệu vải thoáng mát, dễ phối đồ', NULL, 320000.00, 280000.00, 'PRD-HVTUMHLZ', 75, 321, 4.90, 50, 1, 1, 1, 'product-32.webp', 3.86, 4, '2025-07-09 03:38:19', '2025-07-09 04:39:56'),
(80, 'Tã quần Pampers size M', 'ta-quan-pampers-size-m', 'Tã quần Pampers Baby Dry size M (6-11kg), thấm hút tốt, không rò rỉ, gói 58 miếng', NULL, 320000.00, 289000.00, 'PRD-YCANN084', 10, 70, 4.62, 50, 1, 1, 1, 'product-33.webp', 3.43, 5, '2025-07-09 03:38:19', '2025-07-09 04:39:56'),
(81, 'Sữa bột Enfamil A+ số 1', 'sua-bot-enfamil-a-so-1', 'Sữa bột Enfamil A+ số 1 (0-6 tháng), DHA+, hỗ trợ phát triển trí não, lon 400g', NULL, 450000.00, NULL, 'PRD-XAS4K4G9', 31, 102, 5.00, 50, 1, 1, 1, 'product-34.webp', 4.80, 5, '2025-07-09 03:38:19', '2025-07-09 04:39:56'),
(82, 'Bình sữa Pigeon PP 240ml', 'binh-sua-pigeon-pp-240ml', 'Bình sữa Pigeon PP 240ml, núm ty silicon mềm, chống đổ ngược, BPA free', NULL, 180000.00, 150000.00, 'PRD-BIZRP1EU', 47, 423, 5.00, 50, 1, 1, 1, 'product-35.webp', 3.18, 5, '2025-07-09 03:38:19', '2025-07-09 04:39:56'),
(83, 'Máy giặt Electrolux 8kg', 'may-giat-electrolux-8kg', 'Máy giặt Electrolux 8kg inverter, tiết kiệm điện, giặt sạch sâu, bảo hành 2 năm', NULL, 7990000.00, 6990000.00, 'PRD-GDXHHRBQ', 12, 115, 5.00, 50, 1, 1, 1, 'product-36.webp', 1.08, 6, '2025-07-09 03:38:19', '2025-07-09 04:39:56'),
(84, 'Tủ lạnh Samsung 208L', 'tu-lanh-samsung-208l', 'Tủ lạnh Samsung 208L inverter, công nghệ Digital Inverter, tiết kiệm điện', NULL, 5490000.00, NULL, 'PRD-6OTFAHAX', 25, 185, 5.00, 50, 1, 1, 1, 'product-37.webp', 0.99, 6, '2025-07-09 03:38:19', '2025-07-09 04:39:56'),
(85, 'Chảo chống dính Tefal 24cm', 'chao-chong-dinh-tefal-24cm', 'Chảo chống dính Tefal 24cm, lớp phủ Titanium, đáy từ, phù hợp mọi bếp', NULL, 890000.00, 720000.00, 'PRD-CZ4GYTWV', 29, 94, 4.68, 50, 1, 1, 1, 'product-38.webp', 0.34, 6, '2025-07-09 03:38:19', '2025-07-09 04:39:56'),
(86, 'Đắc Nhân Tâm - Dale Carnegie', 'dac-nhan-tam-dale-carnegie', 'Sách Đắc Nhân Tâm - Dale Carnegie, nghệ thuật giao tiếp và ứng xử, bìa mềm', NULL, 89000.00, 75000.00, 'PRD-FQB1VNA4', 58, 10, 4.96, 50, 1, 1, 0, 'product-39.webp', 4.96, 7, '2025-07-09 03:38:19', '2025-07-25 00:43:01'),
(87, 'Nhà Giả Kim - Paulo Coelho', 'nha-gia-kim-paulo-coelho', 'Tiểu thuyết Nhà Giả Kim của Paulo Coelho, câu chuyện về hành trình tìm kiếm ước mơ', NULL, 79000.00, NULL, 'PRD-MSFUG3KT', 26, 207, 4.02, 50, 1, 1, 1, 'product-40.webp', 2.22, 7, '2025-07-09 03:38:19', '2025-07-17 06:19:58'),
(88, 'Atomic Habits - James Clear', 'atomic-habits-james-clear', 'Sách Atomic Habits - Thay đổi tí hon hiệu quả bất ngờ, phương pháp xây dựng thói quen tốt', NULL, 199000.00, 159000.00, 'PRD-OY1VFIAH', 26, 273, 5.00, 50, 1, 1, 1, 'product-41.webp', 3.48, 7, '2025-07-09 03:38:19', '2025-07-17 06:24:08'),
(89, 'Giày chạy bộ Adidas Ultraboost', 'giay-chay-bo-adidas-ultraboost', 'Giày chạy bộ Adidas Ultraboost 22, công nghệ BOOST, đệm êm ái, thoáng khí', NULL, 4590000.00, 3990000.00, 'PRD-C7L0IPWL', 15, 9, 4.16, 50, 1, 1, 1, 'product-42.webp', 0.98, 8, '2025-07-09 03:38:19', '2025-07-09 04:39:56'),
(90, 'Balo du lịch The North Face 40L', 'balo-du-lich-the-north-face-40l', 'Balo du lịch The North Face 40L, chống nước, nhiều ngăn tiện dụng, phù hợp trekking', NULL, 2990000.00, NULL, 'PRD-IXMXV1GQ', 43, 320, 5.00, 50, 1, 1, 1, 'product-43.webp', 4.58, 8, '2025-07-09 03:38:19', '2025-07-16 07:37:19'),
(91, 'Xe đạp thể thao Giant ATX', 'xe-dap-the-thao-giant-atx', 'Xe đạp thể thao Giant ATX 27.5\", khung nhôm, phuộc trước, phù hợp đường phố và dã ngoại', NULL, 8990000.00, 7990000.00, 'PRD-9QRL6YEY', 50, 221, 4.32, 50, 1, 1, 1, 'product-44.webp', 3.99, 8, '2025-07-09 03:38:19', '2025-07-09 04:39:56'),
(92, 'test', 'test', 'aaaaaa', 'aaaa', 22222.00, 222.00, 'a', 0, 0, 0.00, 0, 1, 0, 1, 'products/1752649446_g0n8jPe8nP.png', 2.00, 1, '2025-07-16 00:04:06', '2025-07-16 01:00:41'),
(93, 'iphone 12', 'iphone-12', 'aaaaaaaaaaaa', 'aaaaaa', 2222.00, 22.00, 'I1129912', 0, 0, 5.00, 1, 1, 1, 1, 'products/1752651150_y1X4QwuV6L.png', 2.00, 1, '2025-07-16 00:32:30', '2025-07-17 06:47:57'),
(94, 'aaa', 'aaa', 'aaaa', 'aaaa', 222222.00, 99999.00, 'A868742x', 22, 0, 0.00, 0, 1, 1, 1, 'products/1753431445_vJ6kPRvTNJ.jpg', NULL, 2, '2025-07-16 00:33:31', '2025-07-25 01:17:25'),
(95, 'quan', 'quan', 'aaaaaaaaa', 'ssss', 22222.00, NULL, 'Q475376', 22, 0, 0.00, 0, 1, 1, 1, 'products/1753431506_HPJcrESNOS.jpg', NULL, 7, '2025-07-25 01:18:26', '2025-07-25 01:18:26');

-- --------------------------------------------------------

--
-- Table structure for table `reviews`
--

CREATE TABLE `reviews` (
  `id` bigint UNSIGNED NOT NULL,
  `product_id` bigint UNSIGNED NOT NULL,
  `user_id` bigint UNSIGNED NOT NULL,
  `rating` tinyint UNSIGNED NOT NULL,
  `title` varchar(255) COLLATE utf8mb4_unicode_ci DEFAULT NULL,
  `comment` text COLLATE utf8mb4_unicode_ci,
  `is_verified_purchase` tinyint(1) NOT NULL DEFAULT '0',
  `is_recommended` tinyint(1) NOT NULL DEFAULT '1',
  `is_approved` tinyint(1) NOT NULL DEFAULT '1',
  `created_at` timestamp NULL DEFAULT NULL,
  `updated_at` timestamp NULL DEFAULT NULL
) ENGINE=InnoDB DEFAULT CHARSET=utf8mb4 COLLATE=utf8mb4_unicode_ci;

--
-- Dumping data for table `reviews`
--

INSERT INTO `reviews` (`id`, `product_id`, `user_id`, `rating`, `title`, `comment`, `is_verified_purchase`, `is_recommended`, `is_approved`, `created_at`, `updated_at`) VALUES
(590, 30, 4, 5, 'Xuất sắc', 'Chất lượng tuyệt vời, đúng như hình. Đóng gói kỹ càng, giao hàng đúng hẹn.', 1, 1, 1, '2025-07-07 05:43:30', '2025-07-08 05:43:30'),
(591, 30, 5, 5, 'Xuất sắc', 'Rất hài lòng với lần mua hàng này. Sản phẩm tốt, service chu đáo.', 0, 1, 1, '2025-05-26 05:43:30', '2025-07-08 05:43:30'),
(592, 30, 6, 4, 'Hài lòng', 'Mình khá hài lòng với sản phẩm. Chất lượng tốt, chỉ có màu sắc hơi khác hình.', 0, 1, 1, '2025-05-21 05:43:30', '2025-07-08 05:43:30'),
(593, 30, 8, 5, 'Quá hài lòng', 'Sản phẩm vượt ngoài mong đợi. Chất liệu tốt, thiết kế đẹp, rất hài lòng.', 0, 1, 1, '2025-05-13 05:43:30', '2025-07-08 05:43:30'),
(594, 30, 12, 5, 'Chất lượng tốt', 'Mua về sử dụng rất ổn. Chất lượng tốt, giá cả phải chăng. Recommend!', 1, 1, 1, '2025-05-15 05:43:30', '2025-07-08 05:43:30'),
(595, 30, 13, 5, 'Chất lượng tốt', 'Rất hài lòng với lần mua hàng này. Sản phẩm tốt, service chu đáo.', 0, 1, 1, '2025-06-20 05:43:30', '2025-07-08 05:43:30'),
(596, 30, 15, 4, 'Khá tốt', 'Tổng thể ổn, có vài điểm nhỏ cần cải thiện nhưng vẫn đáng mua.', 1, 1, 1, '2025-05-12 05:43:30', '2025-07-08 05:43:30'),
(597, 30, 17, 4, 'Đáng mua', 'Sản phẩm tốt, đúng mô tả. Giao hàng hơi chậm nhưng chất lượng ổn.', 0, 1, 1, '2025-06-17 05:43:30', '2025-07-08 05:43:30'),
(598, 30, 19, 5, 'Rất hài lòng', 'Mình rất hài lòng với sản phẩm này. Chất lượng vượt mong đợi, sẽ mua lại.', 1, 1, 1, '2025-05-14 05:43:30', '2025-07-08 05:43:30'),
(599, 30, 20, 4, 'Ổn', 'Chất lượng khá tốt, giá cả hợp lý. Có thể cải thiện thêm về đóng gói.', 0, 1, 1, '2025-05-16 05:43:30', '2025-07-08 05:43:30'),
(600, 30, 25, 5, 'Chất lượng tốt', 'Mua về sử dụng rất ổn. Chất lượng tốt, giá cả phải chăng. Recommend!', 0, 1, 1, '2025-05-18 05:43:30', '2025-07-08 05:43:30'),
(601, 30, 26, 4, 'Khá tốt', 'Sản phẩm tốt, đúng mô tả. Giao hàng hơi chậm nhưng chất lượng ổn.', 1, 1, 1, '2025-05-25 05:43:30', '2025-07-08 05:43:30'),
(602, 30, 27, 5, 'Rất tốt', 'Mình rất hài lòng với sản phẩm này. Chất lượng vượt mong đợi, sẽ mua lại.', 0, 1, 1, '2025-06-18 05:43:30', '2025-07-08 05:43:30'),
(603, 30, 28, 4, 'Hài lòng', 'Tổng thể ổn, có vài điểm nhỏ cần cải thiện nhưng vẫn đáng mua.', 0, 1, 1, '2025-06-27 05:43:30', '2025-07-08 05:43:30'),
(604, 30, 29, 5, 'Đáng tiền', 'Mình rất hài lòng với sản phẩm này. Chất lượng vượt mong đợi, sẽ mua lại.', 0, 1, 1, '2025-06-25 05:43:30', '2025-07-08 05:43:30'),
(605, 30, 30, 5, 'Rất hài lòng', 'Mua về sử dụng rất ổn. Chất lượng tốt, giá cả phải chăng. Recommend!', 1, 1, 1, '2025-07-05 05:43:30', '2025-07-08 05:43:30'),
(606, 30, 31, 5, 'Chất lượng tốt', 'Chất lượng tuyệt vời, đúng như hình. Đóng gói kỹ càng, giao hàng đúng hẹn.', 1, 1, 1, '2025-05-26 05:43:30', '2025-07-08 05:43:30'),
(607, 30, 33, 5, 'Rất hài lòng', 'Rất hài lòng với lần mua hàng này. Sản phẩm tốt, service chu đáo.', 0, 1, 1, '2025-06-08 05:43:30', '2025-07-08 05:43:30'),
(608, 30, 34, 5, 'Quá hài lòng', 'Mua về sử dụng rất ổn. Chất lượng tốt, giá cả phải chăng. Recommend!', 0, 1, 1, '2025-06-11 05:43:30', '2025-07-08 05:43:30'),
(609, 30, 36, 4, 'Chất lượng', 'Mình khá hài lòng với sản phẩm. Chất lượng tốt, chỉ có màu sắc hơi khác hình.', 1, 1, 1, '2025-05-21 05:43:30', '2025-07-08 05:43:30'),
(610, 30, 37, 5, 'Tuyệt vời!', 'Sản phẩm chất lượng tốt, đúng như mô tả. Giao hàng nhanh, đóng gói cẩn thận.', 0, 1, 1, '2025-06-19 05:43:30', '2025-07-08 05:43:30'),
(611, 30, 38, 5, 'Rất hài lòng', 'Sản phẩm tốt, giá cả hợp lý. Shop giao hàng nhanh, hỗ trợ nhiệt tình.', 1, 1, 1, '2025-06-17 05:43:30', '2025-07-08 05:43:30'),
(612, 30, 40, 5, 'Tuyệt vời!', 'Shop uy tín, sản phẩm chất lượng. Giao hàng nhanh, đóng gói cẩn thận.', 1, 1, 1, '2025-05-27 05:43:30', '2025-07-08 05:43:30'),
(613, 30, 41, 5, 'Quá hài lòng', 'Sản phẩm vượt ngoài mong đợi. Chất liệu tốt, thiết kế đẹp, rất hài lòng.', 1, 1, 1, '2025-06-15 05:43:30', '2025-07-08 05:43:30'),
(614, 30, 42, 5, 'Tuyệt vời!', 'Mình rất hài lòng với sản phẩm này. Chất lượng vượt mong đợi, sẽ mua lại.', 0, 1, 1, '2025-07-04 05:43:30', '2025-07-08 05:43:30'),
(615, 30, 43, 5, 'Tuyệt vời!', 'Sản phẩm chất lượng tốt, đúng như mô tả. Giao hàng nhanh, đóng gói cẩn thận.', 1, 1, 1, '2025-06-04 05:43:30', '2025-07-08 05:43:30'),
(616, 30, 46, 4, 'Ổn', 'Sản phẩm ổn, đúng như mong đợi. Giao hàng đúng hẹn, shop hỗ trợ tốt.', 0, 1, 1, '2025-06-07 05:43:30', '2025-07-08 05:43:30'),
(617, 31, 1, 5, 'Sản phẩm tuyệt vời', 'Chất lượng tuyệt vời, đúng như hình. Đóng gói kỹ càng, giao hàng đúng hẹn.', 1, 1, 1, '2025-06-20 05:43:30', '2025-07-08 05:43:30'),
(618, 31, 7, 5, 'Sản phẩm tuyệt vời', 'Sản phẩm tốt, giá cả hợp lý. Shop giao hàng nhanh, hỗ trợ nhiệt tình.', 1, 1, 1, '2025-05-27 05:43:30', '2025-07-08 05:43:30'),
(619, 31, 8, 4, 'Ổn', 'Chất lượng khá tốt, giá cả hợp lý. Có thể cải thiện thêm về đóng gói.', 0, 1, 1, '2025-06-06 05:43:30', '2025-07-08 05:43:30'),
(620, 31, 9, 4, 'Hài lòng', 'Chất lượng khá, giá cả phù hợp. Có thể mua để sử dụng.', 0, 1, 1, '2025-06-15 05:43:30', '2025-07-08 05:43:30'),
(621, 31, 11, 5, 'Rất tốt', 'Rất hài lòng với lần mua hàng này. Sản phẩm tốt, service chu đáo.', 0, 1, 1, '2025-05-20 05:43:30', '2025-07-08 05:43:30'),
(622, 31, 13, 5, 'Quá hài lòng', 'Chất lượng tuyệt vời, đúng như hình. Đóng gói kỹ càng, giao hàng đúng hẹn.', 1, 1, 1, '2025-05-11 05:43:30', '2025-07-08 05:43:30'),
(623, 31, 15, 5, 'Đáng tiền', 'Rất hài lòng với lần mua hàng này. Sản phẩm tốt, service chu đáo.', 0, 1, 1, '2025-05-15 05:43:30', '2025-07-08 05:43:30'),
(624, 31, 16, 4, 'Ổn', 'Sản phẩm ổn, đúng như mong đợi. Giao hàng đúng hẹn, shop hỗ trợ tốt.', 1, 1, 1, '2025-07-06 05:43:30', '2025-07-08 05:43:30'),
(625, 31, 20, 5, 'Xuất sắc', 'Shop uy tín, sản phẩm chất lượng. Giao hàng nhanh, đóng gói cẩn thận.', 0, 1, 1, '2025-06-15 05:43:30', '2025-07-08 05:43:30'),
(626, 31, 22, 5, 'Đáng tiền', 'Shop uy tín, sản phẩm chất lượng. Giao hàng nhanh, đóng gói cẩn thận.', 0, 1, 1, '2025-06-05 05:43:30', '2025-07-08 05:43:30'),
(627, 31, 25, 5, 'Sản phẩm tuyệt vời', 'Sản phẩm vượt ngoài mong đợi. Chất liệu tốt, thiết kế đẹp, rất hài lòng.', 0, 1, 1, '2025-06-26 05:43:30', '2025-07-08 05:43:30'),
(628, 31, 29, 5, 'Rất hài lòng', 'Shop uy tín, sản phẩm chất lượng. Giao hàng nhanh, đóng gói cẩn thận.', 1, 1, 1, '2025-05-25 05:43:30', '2025-07-08 05:43:30'),
(629, 31, 31, 5, 'Xuất sắc', 'Mình rất hài lòng với sản phẩm này. Chất lượng vượt mong đợi, sẽ mua lại.', 1, 1, 1, '2025-06-15 05:43:30', '2025-07-08 05:43:30'),
(630, 31, 32, 5, 'Tuyệt vời!', 'Sản phẩm vượt ngoài mong đợi. Chất liệu tốt, thiết kế đẹp, rất hài lòng.', 0, 1, 1, '2025-06-23 05:43:30', '2025-07-08 05:43:30'),
(631, 31, 33, 5, 'Sản phẩm tuyệt vời', 'Sản phẩm tốt, giá cả hợp lý. Shop giao hàng nhanh, hỗ trợ nhiệt tình.', 0, 1, 1, '2025-05-29 05:43:30', '2025-07-08 05:43:30'),
(632, 31, 34, 5, 'Quá hài lòng', 'Sản phẩm tốt, giá cả hợp lý. Shop giao hàng nhanh, hỗ trợ nhiệt tình.', 1, 1, 1, '2025-06-14 05:43:30', '2025-07-08 05:43:30'),
(633, 31, 35, 5, 'Tuyệt vời!', 'Rất hài lòng với lần mua hàng này. Sản phẩm tốt, service chu đáo.', 1, 1, 1, '2025-07-04 05:43:30', '2025-07-08 05:43:30'),
(634, 31, 36, 5, 'Quá hài lòng', 'Rất hài lòng với lần mua hàng này. Sản phẩm tốt, service chu đáo.', 1, 1, 1, '2025-05-27 05:43:30', '2025-07-08 05:43:30'),
(635, 31, 37, 4, 'OK', 'Sản phẩm ổn, đúng như mong đợi. Giao hàng đúng hẹn, shop hỗ trợ tốt.', 1, 1, 1, '2025-06-27 05:43:30', '2025-07-08 05:43:30'),
(636, 31, 38, 5, 'Đáng tiền', 'Rất hài lòng với lần mua hàng này. Sản phẩm tốt, service chu đáo.', 1, 1, 1, '2025-06-06 05:43:30', '2025-07-08 05:43:30'),
(637, 31, 40, 5, 'Xuất sắc', 'Shop uy tín, sản phẩm chất lượng. Giao hàng nhanh, đóng gói cẩn thận.', 1, 1, 1, '2025-05-19 05:43:30', '2025-07-08 05:43:30'),
(638, 31, 41, 5, 'Sản phẩm tuyệt vời', 'Sản phẩm vượt ngoài mong đợi. Chất liệu tốt, thiết kế đẹp, rất hài lòng.', 1, 1, 1, '2025-06-09 05:43:30', '2025-07-08 05:43:30'),
(639, 31, 42, 5, 'Tuyệt vời!', 'Chất lượng tuyệt vời, đúng như hình. Đóng gói kỹ càng, giao hàng đúng hẹn.', 1, 1, 1, '2025-05-28 05:43:30', '2025-07-08 05:43:30'),
(640, 31, 43, 4, 'OK', 'Sản phẩm ổn, đúng như mong đợi. Giao hàng đúng hẹn, shop hỗ trợ tốt.', 1, 1, 1, '2025-06-12 05:43:30', '2025-07-08 05:43:30'),
(641, 31, 44, 5, 'Sản phẩm tuyệt vời', 'Shop uy tín, sản phẩm chất lượng. Giao hàng nhanh, đóng gói cẩn thận.', 1, 1, 1, '2025-06-08 05:43:30', '2025-07-08 05:43:30'),
(642, 31, 45, 5, 'Chất lượng tốt', 'Sản phẩm chất lượng tốt, đúng như mô tả. Giao hàng nhanh, đóng gói cẩn thận.', 1, 1, 1, '2025-05-30 05:43:30', '2025-07-08 05:43:30'),
(643, 31, 46, 5, 'Sản phẩm tuyệt vời', 'Sản phẩm vượt ngoài mong đợi. Chất liệu tốt, thiết kế đẹp, rất hài lòng.', 1, 1, 1, '2025-05-19 05:43:30', '2025-07-08 05:43:30'),
(644, 31, 47, 5, 'Quá hài lòng', 'Rất hài lòng với lần mua hàng này. Sản phẩm tốt, service chu đáo.', 1, 1, 1, '2025-06-21 05:43:30', '2025-07-08 05:43:30'),
(645, 31, 49, 5, 'Đáng tiền', 'Mình rất hài lòng với sản phẩm này. Chất lượng vượt mong đợi, sẽ mua lại.', 1, 1, 1, '2025-05-26 05:43:30', '2025-07-08 05:43:30'),
(646, 32, 4, 5, 'Quá hài lòng', 'Mua về sử dụng rất ổn. Chất lượng tốt, giá cả phải chăng. Recommend!', 0, 1, 1, '2025-05-28 05:43:30', '2025-07-08 05:43:30'),
(647, 32, 5, 5, 'Chất lượng tốt', 'Sản phẩm chất lượng tốt, đúng như mô tả. Giao hàng nhanh, đóng gói cẩn thận.', 1, 1, 1, '2025-05-20 05:43:30', '2025-07-08 05:43:30'),
(648, 32, 6, 5, 'Xuất sắc', 'Mình rất hài lòng với sản phẩm này. Chất lượng vượt mong đợi, sẽ mua lại.', 1, 1, 1, '2025-07-02 05:43:30', '2025-07-08 05:43:30'),
(649, 32, 7, 5, 'Xuất sắc', 'Chất lượng tuyệt vời, đúng như hình. Đóng gói kỹ càng, giao hàng đúng hẹn.', 1, 1, 1, '2025-06-21 05:43:30', '2025-07-08 05:43:30'),
(650, 32, 8, 5, 'Tuyệt vời!', 'Shop uy tín, sản phẩm chất lượng. Giao hàng nhanh, đóng gói cẩn thận.', 0, 1, 1, '2025-05-10 05:43:30', '2025-07-08 05:43:30'),
(651, 32, 10, 5, 'Xuất sắc', 'Sản phẩm tốt, giá cả hợp lý. Shop giao hàng nhanh, hỗ trợ nhiệt tình.', 1, 1, 1, '2025-05-18 05:43:30', '2025-07-08 05:43:30'),
(652, 32, 11, 5, 'Sản phẩm tuyệt vời', 'Sản phẩm vượt ngoài mong đợi. Chất liệu tốt, thiết kế đẹp, rất hài lòng.', 1, 1, 1, '2025-05-27 05:43:30', '2025-07-08 05:43:30'),
(653, 32, 13, 5, 'Tuyệt vời!', 'Mua về sử dụng rất ổn. Chất lượng tốt, giá cả phải chăng. Recommend!', 1, 1, 1, '2025-06-19 05:43:30', '2025-07-08 05:43:30'),
(654, 32, 15, 4, 'Ổn', 'Sản phẩm ổn, đúng như mong đợi. Giao hàng đúng hẹn, shop hỗ trợ tốt.', 1, 1, 1, '2025-06-13 05:43:30', '2025-07-08 05:43:30'),
(655, 32, 18, 4, 'Tốt', 'Chất lượng khá tốt, giá cả hợp lý. Có thể cải thiện thêm về đóng gói.', 1, 1, 1, '2025-06-14 05:43:30', '2025-07-08 05:43:30'),
(656, 32, 20, 4, 'Đáng mua', 'Tổng thể ổn, có vài điểm nhỏ cần cải thiện nhưng vẫn đáng mua.', 0, 1, 1, '2025-05-12 05:43:30', '2025-07-08 05:43:30'),
(657, 32, 23, 5, 'Quá hài lòng', 'Sản phẩm vượt ngoài mong đợi. Chất liệu tốt, thiết kế đẹp, rất hài lòng.', 1, 1, 1, '2025-05-28 05:43:30', '2025-07-08 05:43:30'),
(658, 32, 26, 5, 'Chất lượng tốt', 'Mua về sử dụng rất ổn. Chất lượng tốt, giá cả phải chăng. Recommend!', 0, 1, 1, '2025-06-11 05:43:30', '2025-07-08 05:43:30'),
(659, 32, 27, 5, 'Sản phẩm tuyệt vời', 'Mình rất hài lòng với sản phẩm này. Chất lượng vượt mong đợi, sẽ mua lại.', 0, 1, 1, '2025-06-29 05:43:30', '2025-07-08 05:43:30'),
(660, 32, 28, 5, 'Rất hài lòng', 'Mình rất hài lòng với sản phẩm này. Chất lượng vượt mong đợi, sẽ mua lại.', 0, 1, 1, '2025-06-28 05:43:30', '2025-07-08 05:43:30'),
(661, 32, 29, 4, 'Sản phẩm tốt', 'Chất lượng khá, giá cả phù hợp. Có thể mua để sử dụng.', 0, 1, 1, '2025-06-14 05:43:30', '2025-07-08 05:43:30'),
(662, 32, 30, 5, 'Quá hài lòng', 'Sản phẩm tốt, giá cả hợp lý. Shop giao hàng nhanh, hỗ trợ nhiệt tình.', 1, 1, 1, '2025-06-21 05:43:30', '2025-07-08 05:43:30'),
(663, 32, 31, 5, 'Rất hài lòng', 'Mình rất hài lòng với sản phẩm này. Chất lượng vượt mong đợi, sẽ mua lại.', 1, 1, 1, '2025-06-06 05:43:31', '2025-07-08 05:43:31'),
(664, 32, 35, 4, 'Chất lượng', 'Chất lượng khá, giá cả phù hợp. Có thể mua để sử dụng.', 1, 1, 1, '2025-07-07 05:43:31', '2025-07-08 05:43:31'),
(665, 32, 39, 5, 'Tuyệt vời!', 'Mua về sử dụng rất ổn. Chất lượng tốt, giá cả phải chăng. Recommend!', 0, 1, 1, '2025-05-19 05:43:31', '2025-07-08 05:43:31'),
(666, 32, 40, 5, 'Xuất sắc', 'Sản phẩm tốt, giá cả hợp lý. Shop giao hàng nhanh, hỗ trợ nhiệt tình.', 1, 1, 1, '2025-06-23 05:43:31', '2025-07-08 05:43:31'),
(667, 32, 41, 4, 'Chất lượng', 'Sản phẩm tương đối tốt. Chất liệu ổn, thiết kế đẹp. Giao hàng nhanh.', 0, 1, 1, '2025-06-26 05:43:31', '2025-07-08 05:43:31'),
(668, 32, 42, 4, 'Sản phẩm tốt', 'Sản phẩm tốt, đúng mô tả. Giao hàng hơi chậm nhưng chất lượng ổn.', 0, 1, 1, '2025-06-01 05:43:31', '2025-07-08 05:43:31'),
(669, 32, 43, 5, 'Tuyệt vời!', 'Chất lượng tuyệt vời, đúng như hình. Đóng gói kỹ càng, giao hàng đúng hẹn.', 1, 1, 1, '2025-05-17 05:43:31', '2025-07-08 05:43:31'),
(670, 32, 44, 4, 'Chất lượng', 'Tổng thể ổn, có vài điểm nhỏ cần cải thiện nhưng vẫn đáng mua.', 1, 1, 1, '2025-06-25 05:43:31', '2025-07-08 05:43:31'),
(671, 32, 45, 5, 'Xuất sắc', 'Mua về sử dụng rất ổn. Chất lượng tốt, giá cả phải chăng. Recommend!', 1, 1, 1, '2025-05-19 05:43:31', '2025-07-08 05:43:31'),
(672, 32, 46, 5, 'Quá hài lòng', 'Shop uy tín, sản phẩm chất lượng. Giao hàng nhanh, đóng gói cẩn thận.', 0, 1, 1, '2025-06-23 05:43:31', '2025-07-08 05:43:31'),
(673, 32, 50, 5, 'Rất hài lòng', 'Sản phẩm tốt, giá cả hợp lý. Shop giao hàng nhanh, hỗ trợ nhiệt tình.', 1, 1, 1, '2025-06-27 05:43:31', '2025-07-08 05:43:31'),
(674, 32, 51, 5, 'Sản phẩm tuyệt vời', 'Chất lượng tuyệt vời, đúng như hình. Đóng gói kỹ càng, giao hàng đúng hẹn.', 0, 1, 1, '2025-07-05 05:43:31', '2025-07-08 05:43:31'),
(677, 33, 4, 4, 'OK', 'Sản phẩm tốt, đúng mô tả. Giao hàng hơi chậm nhưng chất lượng ổn.', 1, 1, 1, '2025-07-07 05:43:31', '2025-07-08 05:43:31'),
(678, 33, 5, 5, 'Xuất sắc', 'Sản phẩm tốt, giá cả hợp lý. Shop giao hàng nhanh, hỗ trợ nhiệt tình.', 0, 1, 1, '2025-05-12 05:43:31', '2025-07-08 05:43:31'),
(679, 33, 8, 5, 'Đáng tiền', 'Mình rất hài lòng với sản phẩm này. Chất lượng vượt mong đợi, sẽ mua lại.', 1, 1, 1, '2025-05-11 05:43:31', '2025-07-08 05:43:31'),
(680, 33, 11, 5, 'Rất hài lòng', 'Mua về sử dụng rất ổn. Chất lượng tốt, giá cả phải chăng. Recommend!', 1, 1, 1, '2025-06-27 05:43:31', '2025-07-08 05:43:31'),
(681, 33, 13, 4, 'OK', 'Sản phẩm tốt, đúng mô tả. Giao hàng hơi chậm nhưng chất lượng ổn.', 1, 1, 1, '2025-06-07 05:43:31', '2025-07-08 05:43:31'),
(682, 33, 14, 5, 'Rất tốt', 'Sản phẩm tốt, giá cả hợp lý. Shop giao hàng nhanh, hỗ trợ nhiệt tình.', 1, 1, 1, '2025-05-26 05:43:31', '2025-07-08 05:43:31'),
(683, 33, 15, 5, 'Xuất sắc', 'Chất lượng tuyệt vời, đúng như hình. Đóng gói kỹ càng, giao hàng đúng hẹn.', 0, 1, 1, '2025-06-11 05:43:31', '2025-07-08 05:43:31'),
(684, 33, 17, 5, 'Chất lượng tốt', 'Sản phẩm tốt, giá cả hợp lý. Shop giao hàng nhanh, hỗ trợ nhiệt tình.', 1, 1, 1, '2025-05-19 05:43:31', '2025-07-08 05:43:31'),
(685, 33, 19, 5, 'Đáng tiền', 'Mua về sử dụng rất ổn. Chất lượng tốt, giá cả phải chăng. Recommend!', 1, 1, 1, '2025-07-05 05:43:31', '2025-07-08 05:43:31'),
(686, 33, 21, 5, 'Xuất sắc', 'Sản phẩm tốt, giá cả hợp lý. Shop giao hàng nhanh, hỗ trợ nhiệt tình.', 1, 1, 1, '2025-05-18 05:43:31', '2025-07-08 05:43:31'),
(687, 33, 22, 5, 'Quá hài lòng', 'Sản phẩm tốt, giá cả hợp lý. Shop giao hàng nhanh, hỗ trợ nhiệt tình.', 0, 1, 1, '2025-06-22 05:43:31', '2025-07-08 05:43:31'),
(688, 33, 25, 5, 'Sản phẩm tuyệt vời', 'Rất hài lòng với lần mua hàng này. Sản phẩm tốt, service chu đáo.', 1, 1, 1, '2025-06-16 05:43:31', '2025-07-08 05:43:31'),
(689, 33, 26, 4, 'Khá tốt', 'Chất lượng khá, giá cả phù hợp. Có thể mua để sử dụng.', 1, 1, 1, '2025-05-18 05:43:31', '2025-07-08 05:43:31'),
(690, 33, 28, 5, 'Rất hài lòng', 'Chất lượng tuyệt vời, đúng như hình. Đóng gói kỹ càng, giao hàng đúng hẹn.', 1, 1, 1, '2025-07-03 05:43:31', '2025-07-08 05:43:31'),
(691, 33, 29, 5, 'Xuất sắc', 'Chất lượng tuyệt vời, đúng như hình. Đóng gói kỹ càng, giao hàng đúng hẹn.', 1, 1, 1, '2025-05-21 05:43:31', '2025-07-08 05:43:31'),
(692, 33, 30, 5, 'Quá hài lòng', 'Rất hài lòng với lần mua hàng này. Sản phẩm tốt, service chu đáo.', 1, 1, 1, '2025-06-11 05:43:31', '2025-07-08 05:43:31'),
(693, 33, 35, 5, 'Tuyệt vời!', 'Sản phẩm tốt, giá cả hợp lý. Shop giao hàng nhanh, hỗ trợ nhiệt tình.', 1, 1, 1, '2025-05-31 05:43:31', '2025-07-08 05:43:31'),
(694, 33, 36, 5, 'Tuyệt vời!', 'Chất lượng tuyệt vời, đúng như hình. Đóng gói kỹ càng, giao hàng đúng hẹn.', 1, 1, 1, '2025-05-15 05:43:31', '2025-07-08 05:43:31'),
(695, 33, 39, 5, 'Xuất sắc', 'Chất lượng tuyệt vời, đúng như hình. Đóng gói kỹ càng, giao hàng đúng hẹn.', 1, 1, 1, '2025-05-13 05:43:31', '2025-07-08 05:43:31'),
(696, 33, 41, 4, 'Sản phẩm tốt', 'Tổng thể ổn, có vài điểm nhỏ cần cải thiện nhưng vẫn đáng mua.', 0, 1, 1, '2025-05-15 05:43:31', '2025-07-08 05:43:31'),
(697, 33, 42, 4, 'Sản phẩm tốt', 'Tổng thể ổn, có vài điểm nhỏ cần cải thiện nhưng vẫn đáng mua.', 1, 1, 1, '2025-06-26 05:43:31', '2025-07-08 05:43:31'),
(698, 33, 43, 4, 'Chất lượng', 'Chất lượng khá, giá cả phù hợp. Có thể mua để sử dụng.', 0, 1, 1, '2025-06-25 05:43:31', '2025-07-08 05:43:31'),
(699, 33, 45, 4, 'Chất lượng', 'Sản phẩm tốt, đúng mô tả. Giao hàng hơi chậm nhưng chất lượng ổn.', 1, 1, 1, '2025-06-30 05:43:31', '2025-07-08 05:43:31'),
(700, 33, 46, 5, 'Quá hài lòng', 'Mua về sử dụng rất ổn. Chất lượng tốt, giá cả phải chăng. Recommend!', 1, 1, 1, '2025-06-26 05:43:31', '2025-07-08 05:43:31'),
(701, 33, 47, 5, 'Rất hài lòng', 'Rất hài lòng với lần mua hàng này. Sản phẩm tốt, service chu đáo.', 1, 1, 1, '2025-07-05 05:43:31', '2025-07-08 05:43:31'),
(702, 33, 50, 4, 'Tốt', 'Chất lượng khá, giá cả phù hợp. Có thể mua để sử dụng.', 1, 1, 1, '2025-05-24 05:43:31', '2025-07-08 05:43:31'),
(703, 33, 51, 4, 'Ổn', 'Chất lượng khá, giá cả phù hợp. Có thể mua để sử dụng.', 1, 1, 1, '2025-06-01 05:43:31', '2025-07-08 05:43:31'),
(704, 34, 1, 5, 'Quá hài lòng', 'Shop uy tín, sản phẩm chất lượng. Giao hàng nhanh, đóng gói cẩn thận.', 1, 1, 1, '2025-06-24 05:43:31', '2025-07-08 05:43:31'),
(705, 34, 4, 5, 'Quá hài lòng', 'Rất hài lòng với lần mua hàng này. Sản phẩm tốt, service chu đáo.', 1, 1, 1, '2025-06-20 05:43:31', '2025-07-08 05:43:31'),
(706, 34, 6, 5, 'Xuất sắc', 'Shop uy tín, sản phẩm chất lượng. Giao hàng nhanh, đóng gói cẩn thận.', 0, 1, 1, '2025-06-11 05:43:31', '2025-07-08 05:43:31'),
(707, 34, 7, 4, 'Ổn', 'Tổng thể ổn, có vài điểm nhỏ cần cải thiện nhưng vẫn đáng mua.', 1, 1, 1, '2025-05-19 05:43:31', '2025-07-08 05:43:31'),
(708, 34, 8, 5, 'Sản phẩm tuyệt vời', 'Rất hài lòng với lần mua hàng này. Sản phẩm tốt, service chu đáo.', 1, 1, 1, '2025-06-22 05:43:31', '2025-07-08 05:43:31'),
(709, 34, 9, 4, 'OK', 'Mình khá hài lòng với sản phẩm. Chất lượng tốt, chỉ có màu sắc hơi khác hình.', 1, 1, 1, '2025-06-19 05:43:31', '2025-07-08 05:43:31'),
(710, 34, 12, 5, 'Xuất sắc', 'Chất lượng tuyệt vời, đúng như hình. Đóng gói kỹ càng, giao hàng đúng hẹn.', 1, 1, 1, '2025-05-21 05:43:31', '2025-07-08 05:43:31'),
(711, 34, 15, 5, 'Rất hài lòng', 'Chất lượng tuyệt vời, đúng như hình. Đóng gói kỹ càng, giao hàng đúng hẹn.', 1, 1, 1, '2025-05-30 05:43:31', '2025-07-08 05:43:31'),
(712, 34, 16, 5, 'Quá hài lòng', 'Sản phẩm tốt, giá cả hợp lý. Shop giao hàng nhanh, hỗ trợ nhiệt tình.', 1, 1, 1, '2025-06-28 05:43:31', '2025-07-08 05:43:31'),
(713, 34, 17, 5, 'Chất lượng tốt', 'Sản phẩm chất lượng tốt, đúng như mô tả. Giao hàng nhanh, đóng gói cẩn thận.', 1, 1, 1, '2025-07-07 05:43:31', '2025-07-08 05:43:31'),
(714, 34, 21, 5, 'Rất hài lòng', 'Mua về sử dụng rất ổn. Chất lượng tốt, giá cả phải chăng. Recommend!', 1, 1, 1, '2025-05-29 05:43:31', '2025-07-08 05:43:31'),
(715, 34, 23, 5, 'Tuyệt vời!', 'Sản phẩm tốt, giá cả hợp lý. Shop giao hàng nhanh, hỗ trợ nhiệt tình.', 1, 1, 1, '2025-06-14 05:43:31', '2025-07-08 05:43:31'),
(716, 34, 29, 5, 'Đáng tiền', 'Sản phẩm chất lượng tốt, đúng như mô tả. Giao hàng nhanh, đóng gói cẩn thận.', 1, 1, 1, '2025-06-15 05:43:31', '2025-07-08 05:43:31'),
(717, 34, 34, 5, 'Sản phẩm tuyệt vời', 'Shop uy tín, sản phẩm chất lượng. Giao hàng nhanh, đóng gói cẩn thận.', 1, 1, 1, '2025-07-03 05:43:31', '2025-07-08 05:43:31'),
(718, 34, 35, 5, 'Rất tốt', 'Mua về sử dụng rất ổn. Chất lượng tốt, giá cả phải chăng. Recommend!', 1, 1, 1, '2025-06-13 05:43:31', '2025-07-08 05:43:31'),
(719, 34, 36, 4, 'Sản phẩm tốt', 'Tổng thể ổn, có vài điểm nhỏ cần cải thiện nhưng vẫn đáng mua.', 1, 1, 1, '2025-05-30 05:43:31', '2025-07-08 05:43:31'),
(720, 34, 40, 4, 'Khá tốt', 'Sản phẩm đúng mô tả, chất lượng tạm ổn. Shop giao hàng đúng hẹn.', 1, 1, 1, '2025-07-06 05:43:31', '2025-07-08 05:43:31'),
(721, 34, 41, 5, 'Rất hài lòng', 'Mình rất hài lòng với sản phẩm này. Chất lượng vượt mong đợi, sẽ mua lại.', 1, 1, 1, '2025-06-06 05:43:31', '2025-07-08 05:43:31'),
(722, 34, 42, 5, 'Tuyệt vời!', 'Sản phẩm vượt ngoài mong đợi. Chất liệu tốt, thiết kế đẹp, rất hài lòng.', 1, 1, 1, '2025-07-02 05:43:31', '2025-07-08 05:43:31'),
(723, 34, 44, 5, 'Xuất sắc', 'Chất lượng tuyệt vời, đúng như hình. Đóng gói kỹ càng, giao hàng đúng hẹn.', 1, 1, 1, '2025-06-18 05:43:31', '2025-07-08 05:43:31'),
(724, 34, 48, 5, 'Quá hài lòng', 'Shop uy tín, sản phẩm chất lượng. Giao hàng nhanh, đóng gói cẩn thận.', 1, 1, 1, '2025-06-14 05:43:31', '2025-07-08 05:43:31'),
(725, 34, 49, 5, 'Chất lượng tốt', 'Mua về sử dụng rất ổn. Chất lượng tốt, giá cả phải chăng. Recommend!', 0, 1, 1, '2025-07-02 05:43:31', '2025-07-08 05:43:31'),
(726, 35, 1, 4, 'Đáng mua', 'Sản phẩm đúng mô tả, chất lượng tạm ổn. Shop giao hàng đúng hẹn.', 1, 1, 1, '2025-06-16 05:43:31', '2025-07-08 05:43:31'),
(727, 35, 4, 5, 'Chất lượng tốt', 'Mình rất hài lòng với sản phẩm này. Chất lượng vượt mong đợi, sẽ mua lại.', 1, 1, 1, '2025-06-28 05:43:31', '2025-07-08 05:43:31'),
(728, 35, 9, 5, 'Tuyệt vời!', 'Shop uy tín, sản phẩm chất lượng. Giao hàng nhanh, đóng gói cẩn thận.', 1, 1, 1, '2025-06-27 05:43:31', '2025-07-08 05:43:31'),
(729, 35, 10, 5, 'Chất lượng tốt', 'Sản phẩm vượt ngoài mong đợi. Chất liệu tốt, thiết kế đẹp, rất hài lòng.', 0, 1, 1, '2025-07-06 05:43:31', '2025-07-08 05:43:31'),
(730, 35, 11, 5, 'Đáng tiền', 'Chất lượng tuyệt vời, đúng như hình. Đóng gói kỹ càng, giao hàng đúng hẹn.', 0, 1, 1, '2025-06-22 05:43:31', '2025-07-08 05:43:31'),
(731, 35, 12, 5, 'Sản phẩm tuyệt vời', 'Sản phẩm vượt ngoài mong đợi. Chất liệu tốt, thiết kế đẹp, rất hài lòng.', 0, 1, 1, '2025-07-05 05:43:31', '2025-07-08 05:43:31'),
(732, 35, 13, 4, 'Sản phẩm tốt', 'Tổng thể ổn, có vài điểm nhỏ cần cải thiện nhưng vẫn đáng mua.', 1, 1, 1, '2025-06-16 05:43:31', '2025-07-08 05:43:31'),
(733, 35, 15, 5, 'Sản phẩm tuyệt vời', 'Sản phẩm vượt ngoài mong đợi. Chất liệu tốt, thiết kế đẹp, rất hài lòng.', 1, 1, 1, '2025-05-26 05:43:31', '2025-07-08 05:43:31'),
(734, 35, 17, 4, 'Tốt', 'Chất lượng khá, giá cả phù hợp. Có thể mua để sử dụng.', 1, 1, 1, '2025-05-30 05:43:31', '2025-07-08 05:43:31'),
(735, 35, 19, 5, 'Tuyệt vời!', 'Rất hài lòng với lần mua hàng này. Sản phẩm tốt, service chu đáo.', 0, 1, 1, '2025-06-15 05:43:31', '2025-07-08 05:43:31'),
(736, 35, 20, 5, 'Rất tốt', 'Sản phẩm chất lượng tốt, đúng như mô tả. Giao hàng nhanh, đóng gói cẩn thận.', 0, 1, 1, '2025-05-10 05:43:31', '2025-07-08 05:43:31'),
(737, 35, 22, 5, 'Chất lượng tốt', 'Sản phẩm chất lượng tốt, đúng như mô tả. Giao hàng nhanh, đóng gói cẩn thận.', 1, 1, 1, '2025-06-09 05:43:31', '2025-07-08 05:43:31'),
(738, 35, 23, 5, 'Chất lượng tốt', 'Sản phẩm chất lượng tốt, đúng như mô tả. Giao hàng nhanh, đóng gói cẩn thận.', 1, 1, 1, '2025-06-21 05:43:31', '2025-07-08 05:43:31'),
(739, 35, 25, 5, 'Tuyệt vời!', 'Mình rất hài lòng với sản phẩm này. Chất lượng vượt mong đợi, sẽ mua lại.', 0, 1, 1, '2025-06-20 05:43:31', '2025-07-08 05:43:31'),
(740, 35, 26, 5, 'Chất lượng tốt', 'Rất hài lòng với lần mua hàng này. Sản phẩm tốt, service chu đáo.', 1, 1, 1, '2025-06-10 05:43:31', '2025-07-08 05:43:31'),
(741, 35, 27, 4, 'OK', 'Sản phẩm đúng mô tả, chất lượng tạm ổn. Shop giao hàng đúng hẹn.', 1, 1, 1, '2025-05-15 05:43:31', '2025-07-08 05:43:31'),
(742, 35, 29, 4, 'Khá tốt', 'Mình khá hài lòng với sản phẩm. Chất lượng tốt, chỉ có màu sắc hơi khác hình.', 1, 1, 1, '2025-06-08 05:43:31', '2025-07-08 05:43:31'),
(743, 35, 32, 5, 'Rất hài lòng', 'Sản phẩm tốt, giá cả hợp lý. Shop giao hàng nhanh, hỗ trợ nhiệt tình.', 1, 1, 1, '2025-06-18 05:43:31', '2025-07-08 05:43:31'),
(744, 35, 33, 4, 'Chất lượng', 'Sản phẩm tốt, đúng mô tả. Giao hàng hơi chậm nhưng chất lượng ổn.', 0, 1, 1, '2025-07-03 05:43:31', '2025-07-08 05:43:31'),
(745, 35, 37, 5, 'Xuất sắc', 'Sản phẩm vượt ngoài mong đợi. Chất liệu tốt, thiết kế đẹp, rất hài lòng.', 1, 1, 1, '2025-06-16 05:43:31', '2025-07-08 05:43:31'),
(746, 35, 38, 5, 'Xuất sắc', 'Sản phẩm chất lượng tốt, đúng như mô tả. Giao hàng nhanh, đóng gói cẩn thận.', 0, 1, 1, '2025-06-27 05:43:31', '2025-07-08 05:43:31'),
(747, 35, 40, 4, 'Tốt', 'Chất lượng khá tốt, giá cả hợp lý. Có thể cải thiện thêm về đóng gói.', 1, 1, 1, '2025-06-23 05:43:31', '2025-07-08 05:43:31'),
(748, 35, 43, 5, 'Đáng tiền', 'Shop uy tín, sản phẩm chất lượng. Giao hàng nhanh, đóng gói cẩn thận.', 1, 1, 1, '2025-05-29 05:43:31', '2025-07-08 05:43:31'),
(749, 35, 45, 5, 'Xuất sắc', 'Mình rất hài lòng với sản phẩm này. Chất lượng vượt mong đợi, sẽ mua lại.', 1, 1, 1, '2025-06-28 05:43:31', '2025-07-08 05:43:31'),
(750, 35, 50, 5, 'Quá hài lòng', 'Rất hài lòng với lần mua hàng này. Sản phẩm tốt, service chu đáo.', 1, 1, 1, '2025-07-01 05:43:31', '2025-07-08 05:43:31'),
(751, 36, 4, 4, 'OK', 'Chất lượng khá, giá cả phù hợp. Có thể mua để sử dụng.', 1, 1, 1, '2025-05-18 05:43:31', '2025-07-08 05:43:31'),
(752, 36, 6, 3, 'Bình thường', 'Mình thấy sản phẩm tạm ổn, không có gì đặc biệt nhưng cũng đủ dùng.', 1, 0, 1, '2025-05-13 05:43:31', '2025-07-08 05:43:31'),
(753, 36, 8, 3, 'Tạm ổn', 'Mình thấy sản phẩm tạm ổn, không có gì đặc biệt nhưng cũng đủ dùng.', 0, 0, 1, '2025-05-29 05:43:31', '2025-07-08 05:43:31'),
(754, 36, 10, 2, 'Chất lượng kém', 'Không hài lòng lắm, chất lượng kém. Giao hàng cũng chậm.', 0, 0, 1, '2025-06-24 05:43:31', '2025-07-08 05:43:31'),
(755, 36, 23, 3, 'Trung bình', 'Tạm ổn thôi, chất lượng không ấn tượng lắm nhưng cũng đủ xài.', 0, 0, 1, '2025-05-28 05:43:31', '2025-07-08 05:43:31'),
(756, 36, 25, 4, 'Khá tốt', 'Chất lượng khá tốt, giá cả hợp lý. Có thể cải thiện thêm về đóng gói.', 1, 1, 1, '2025-06-07 05:43:31', '2025-07-08 05:43:31'),
(757, 36, 38, 3, 'Trung bình', 'Sản phẩm bình thường, đúng giá tiền. Có thể mua để dùng tạm.', 0, 0, 1, '2025-06-30 05:43:31', '2025-07-08 05:43:31'),
(758, 36, 39, 5, 'Xuất sắc', 'Mua về sử dụng rất ổn. Chất lượng tốt, giá cả phải chăng. Recommend!', 1, 1, 1, '2025-07-07 05:43:31', '2025-07-08 05:43:31'),
(759, 37, 10, 5, 'Chất lượng tốt', 'Rất hài lòng với lần mua hàng này. Sản phẩm tốt, service chu đáo.', 1, 1, 1, '2025-06-18 05:43:31', '2025-07-08 05:43:31'),
(760, 37, 12, 5, 'Xuất sắc', 'Sản phẩm chất lượng tốt, đúng như mô tả. Giao hàng nhanh, đóng gói cẩn thận.', 1, 1, 1, '2025-05-16 05:43:31', '2025-07-08 05:43:31'),
(761, 37, 16, 5, 'Tuyệt vời!', 'Mình rất hài lòng với sản phẩm này. Chất lượng vượt mong đợi, sẽ mua lại.', 0, 1, 1, '2025-05-17 05:43:31', '2025-07-08 05:43:31'),
(762, 37, 18, 4, 'Đáng mua', 'Chất lượng khá tốt, giá cả hợp lý. Có thể cải thiện thêm về đóng gói.', 1, 1, 1, '2025-05-18 05:43:31', '2025-07-08 05:43:31'),
(763, 37, 28, 5, 'Rất hài lòng', 'Shop uy tín, sản phẩm chất lượng. Giao hàng nhanh, đóng gói cẩn thận.', 1, 1, 1, '2025-06-21 05:43:31', '2025-07-08 05:43:31'),
(764, 37, 33, 3, 'Tạm ổn', 'Chất lượng trung bình, phù hợp với tầm giá. Giao hàng đúng hẹn.', 0, 0, 1, '2025-05-10 05:43:31', '2025-07-08 05:43:31'),
(765, 37, 34, 4, 'Đáng mua', 'Tổng thể ổn, có vài điểm nhỏ cần cải thiện nhưng vẫn đáng mua.', 1, 1, 1, '2025-06-04 05:43:31', '2025-07-08 05:43:31'),
(766, 37, 35, 5, 'Tuyệt vời!', 'Mua về sử dụng rất ổn. Chất lượng tốt, giá cả phải chăng. Recommend!', 1, 1, 1, '2025-05-10 05:43:31', '2025-07-08 05:43:31'),
(767, 37, 40, 3, 'Bình thường thôi', 'Sản phẩm bình thường, đúng giá tiền. Có thể mua để dùng tạm.', 1, 1, 1, '2025-05-27 05:43:31', '2025-07-08 05:43:31'),
(768, 37, 41, 4, 'Khá tốt', 'Sản phẩm ổn, đúng như mong đợi. Giao hàng đúng hẹn, shop hỗ trợ tốt.', 1, 1, 1, '2025-05-22 05:43:31', '2025-07-08 05:43:31'),
(769, 37, 43, 5, 'Rất tốt', 'Sản phẩm vượt ngoài mong đợi. Chất liệu tốt, thiết kế đẹp, rất hài lòng.', 1, 1, 1, '2025-05-30 05:43:31', '2025-07-08 05:43:31'),
(770, 37, 45, 4, 'Đáng mua', 'Mình khá hài lòng với sản phẩm. Chất lượng tốt, chỉ có màu sắc hơi khác hình.', 0, 1, 1, '2025-06-18 05:43:31', '2025-07-08 05:43:31'),
(771, 37, 47, 5, 'Đáng tiền', 'Shop uy tín, sản phẩm chất lượng. Giao hàng nhanh, đóng gói cẩn thận.', 1, 1, 1, '2025-07-07 05:43:31', '2025-07-08 05:43:31'),
(772, 37, 50, 3, 'Tạm ổn', 'Sản phẩm bình thường, đúng giá tiền. Có thể mua để dùng tạm.', 1, 0, 1, '2025-05-21 05:43:31', '2025-07-08 05:43:31'),
(773, 37, 51, 5, 'Sản phẩm tuyệt vời', 'Chất lượng tuyệt vời, đúng như hình. Đóng gói kỹ càng, giao hàng đúng hẹn.', 1, 1, 1, '2025-06-09 05:43:31', '2025-07-08 05:43:31'),
(774, 38, 4, 2, 'Cần cải thiện', 'Sản phẩm không tốt lắm, khác so với hình ảnh. Cần cải thiện.', 0, 1, 1, '2025-06-20 05:43:31', '2025-07-08 05:43:31'),
(775, 38, 8, 4, 'Sản phẩm tốt', 'Mình khá hài lòng với sản phẩm. Chất lượng tốt, chỉ có màu sắc hơi khác hình.', 1, 1, 1, '2025-07-01 05:43:31', '2025-07-08 05:43:31'),
(776, 38, 10, 4, 'Khá tốt', 'Sản phẩm đúng mô tả, chất lượng tạm ổn. Shop giao hàng đúng hẹn.', 1, 1, 1, '2025-07-01 05:43:31', '2025-07-08 05:43:31'),
(777, 38, 17, 4, 'Chất lượng', 'Tổng thể ổn, có vài điểm nhỏ cần cải thiện nhưng vẫn đáng mua.', 0, 1, 1, '2025-07-04 05:43:32', '2025-07-08 05:43:32'),
(778, 38, 18, 5, 'Rất hài lòng', 'Shop uy tín, sản phẩm chất lượng. Giao hàng nhanh, đóng gói cẩn thận.', 1, 1, 1, '2025-06-24 05:43:32', '2025-07-08 05:43:32'),
(779, 38, 20, 3, 'Không tệ', 'Mình thấy sản phẩm tạm ổn, không có gì đặc biệt nhưng cũng đủ dùng.', 1, 0, 1, '2025-05-31 05:43:32', '2025-07-08 05:43:32'),
(780, 38, 22, 4, 'Chất lượng', 'Chất lượng khá tốt, giá cả hợp lý. Có thể cải thiện thêm về đóng gói.', 1, 1, 1, '2025-05-13 05:43:32', '2025-07-08 05:43:32'),
(781, 38, 24, 4, 'Đáng mua', 'Sản phẩm ổn, đúng như mong đợi. Giao hàng đúng hẹn, shop hỗ trợ tốt.', 0, 1, 1, '2025-05-13 05:43:32', '2025-07-08 05:43:32'),
(782, 38, 25, 3, 'Bình thường', 'Sản phẩm cũng được, không xuất sắc lắm nhưng đáp ứng được nhu cầu.', 1, 0, 1, '2025-05-21 05:43:32', '2025-07-08 05:43:32'),
(783, 38, 27, 3, 'Không tệ', 'Tạm ổn thôi, chất lượng không ấn tượng lắm nhưng cũng đủ xài.', 1, 1, 1, '2025-06-28 05:43:32', '2025-07-08 05:43:32'),
(784, 38, 32, 3, 'Cũng được', 'Tạm ổn thôi, chất lượng không ấn tượng lắm nhưng cũng đủ xài.', 1, 0, 1, '2025-05-24 05:43:32', '2025-07-08 05:43:32'),
(785, 38, 34, 2, 'Không như mong đợi', 'Sản phẩm không như mong đợi. Chất lượng kém hơn mô tả.', 1, 0, 1, '2025-06-26 05:43:32', '2025-07-08 05:43:32'),
(786, 38, 35, 3, 'Trung bình', 'Sản phẩm tạm ổn, không quá xuất sắc nhưng cũng không tệ.', 0, 1, 1, '2025-05-23 05:43:32', '2025-07-08 05:43:32'),
(787, 38, 37, 5, 'Rất hài lòng', 'Mua về sử dụng rất ổn. Chất lượng tốt, giá cả phải chăng. Recommend!', 1, 1, 1, '2025-06-08 05:43:32', '2025-07-08 05:43:32'),
(788, 38, 49, 2, 'Chưa tốt', 'Không hài lòng lắm, chất lượng kém. Giao hàng cũng chậm.', 1, 0, 1, '2025-05-17 05:43:32', '2025-07-08 05:43:32'),
(789, 38, 50, 3, 'Tạm ổn', 'Mình thấy sản phẩm tạm ổn, không có gì đặc biệt nhưng cũng đủ dùng.', 1, 1, 1, '2025-06-29 05:43:32', '2025-07-08 05:43:32'),
(790, 38, 51, 4, 'Chất lượng', 'Tổng thể ổn, có vài điểm nhỏ cần cải thiện nhưng vẫn đáng mua.', 1, 1, 1, '2025-05-09 05:43:32', '2025-07-08 05:43:32'),
(791, 39, 1, 5, 'Quá hài lòng', 'Sản phẩm vượt ngoài mong đợi. Chất liệu tốt, thiết kế đẹp, rất hài lòng.', 0, 1, 1, '2025-06-30 05:43:32', '2025-07-08 05:43:32'),
(793, 39, 4, 3, 'Bình thường', 'Sản phẩm cũng được, không xuất sắc lắm nhưng đáp ứng được nhu cầu.', 0, 0, 1, '2025-05-22 05:43:32', '2025-07-08 05:43:32'),
(794, 39, 5, 4, 'Ổn', 'Mình khá hài lòng với sản phẩm. Chất lượng tốt, chỉ có màu sắc hơi khác hình.', 1, 1, 1, '2025-06-12 05:43:32', '2025-07-08 05:43:32'),
(795, 39, 8, 3, 'Không tệ', 'Chất lượng trung bình khá, giá cả hợp lý. Giao hàng hơi chậm.', 1, 0, 1, '2025-06-28 05:43:32', '2025-07-08 05:43:32'),
(796, 39, 9, 5, 'Sản phẩm tuyệt vời', 'Sản phẩm vượt ngoài mong đợi. Chất liệu tốt, thiết kế đẹp, rất hài lòng.', 0, 1, 1, '2025-06-10 05:43:32', '2025-07-08 05:43:32'),
(797, 39, 10, 5, 'Đáng tiền', 'Mua về sử dụng rất ổn. Chất lượng tốt, giá cả phải chăng. Recommend!', 1, 1, 1, '2025-05-13 05:43:32', '2025-07-08 05:43:32'),
(798, 39, 11, 3, 'Bình thường', 'Sản phẩm bình thường, đúng giá tiền. Có thể mua để dùng tạm.', 1, 0, 1, '2025-06-10 05:43:32', '2025-07-08 05:43:32'),
(799, 39, 12, 4, 'Hài lòng', 'Sản phẩm tương đối tốt. Chất liệu ổn, thiết kế đẹp. Giao hàng nhanh.', 1, 1, 1, '2025-05-12 05:43:32', '2025-07-08 05:43:32'),
(800, 39, 13, 3, 'Bình thường', 'Sản phẩm bình thường, đúng giá tiền. Có thể mua để dùng tạm.', 0, 0, 1, '2025-06-27 05:43:32', '2025-07-08 05:43:32'),
(801, 39, 19, 4, 'Khá tốt', 'Sản phẩm đúng mô tả, chất lượng tạm ổn. Shop giao hàng đúng hẹn.', 0, 1, 1, '2025-05-19 05:43:32', '2025-07-08 05:43:32'),
(802, 39, 20, 5, 'Đáng tiền', 'Sản phẩm vượt ngoài mong đợi. Chất liệu tốt, thiết kế đẹp, rất hài lòng.', 0, 1, 1, '2025-05-16 05:43:32', '2025-07-08 05:43:32'),
(803, 39, 22, 3, 'Không tệ', 'Sản phẩm bình thường, đúng mô tả. Có thể cải thiện thêm về chất lượng.', 1, 1, 1, '2025-05-17 05:43:32', '2025-07-08 05:43:32'),
(804, 39, 28, 4, 'Hài lòng', 'Sản phẩm tốt, đúng mô tả. Giao hàng hơi chậm nhưng chất lượng ổn.', 1, 1, 1, '2025-05-21 05:43:32', '2025-07-08 05:43:32'),
(805, 39, 29, 5, 'Đáng tiền', 'Sản phẩm vượt ngoài mong đợi. Chất liệu tốt, thiết kế đẹp, rất hài lòng.', 1, 1, 1, '2025-05-31 05:43:32', '2025-07-08 05:43:32'),
(806, 39, 31, 4, 'OK', 'Mình khá hài lòng với sản phẩm. Chất lượng tốt, chỉ có màu sắc hơi khác hình.', 1, 1, 1, '2025-05-27 05:43:32', '2025-07-08 05:43:32'),
(807, 39, 34, 5, 'Xuất sắc', 'Shop uy tín, sản phẩm chất lượng. Giao hàng nhanh, đóng gói cẩn thận.', 1, 1, 1, '2025-05-31 05:43:32', '2025-07-08 05:43:32'),
(808, 39, 36, 5, 'Xuất sắc', 'Mình rất hài lòng với sản phẩm này. Chất lượng vượt mong đợi, sẽ mua lại.', 1, 1, 1, '2025-06-26 05:43:32', '2025-07-08 05:43:32'),
(809, 39, 37, 3, 'Có thể', 'Sản phẩm bình thường, đúng giá tiền. Có thể mua để dùng tạm.', 1, 0, 1, '2025-06-01 05:43:32', '2025-07-08 05:43:32'),
(810, 39, 42, 4, 'Tốt', 'Sản phẩm tương đối tốt. Chất liệu ổn, thiết kế đẹp. Giao hàng nhanh.', 1, 1, 1, '2025-05-22 05:43:32', '2025-07-08 05:43:32'),
(811, 39, 44, 4, 'Ổn', 'Sản phẩm đúng mô tả, chất lượng tạm ổn. Shop giao hàng đúng hẹn.', 1, 1, 1, '2025-06-07 05:43:32', '2025-07-08 05:43:32'),
(812, 39, 45, 5, 'Tuyệt vời!', 'Sản phẩm vượt ngoài mong đợi. Chất liệu tốt, thiết kế đẹp, rất hài lòng.', 0, 1, 1, '2025-06-27 05:43:32', '2025-07-08 05:43:32'),
(813, 39, 47, 4, 'Hài lòng', 'Sản phẩm ổn, đúng như mong đợi. Giao hàng đúng hẹn, shop hỗ trợ tốt.', 1, 1, 1, '2025-06-09 05:43:32', '2025-07-08 05:43:32'),
(814, 39, 49, 5, 'Sản phẩm tuyệt vời', 'Sản phẩm chất lượng tốt, đúng như mô tả. Giao hàng nhanh, đóng gói cẩn thận.', 1, 1, 1, '2025-05-12 05:43:32', '2025-07-08 05:43:32'),
(815, 40, 1, 5, 'Sản phẩm tuyệt vời', 'Sản phẩm vượt ngoài mong đợi. Chất liệu tốt, thiết kế đẹp, rất hài lòng.', 1, 1, 1, '2025-06-29 05:43:32', '2025-07-08 05:43:32'),
(817, 40, 4, 5, 'Quá hài lòng', 'Shop uy tín, sản phẩm chất lượng. Giao hàng nhanh, đóng gói cẩn thận.', 0, 1, 1, '2025-06-06 05:43:32', '2025-07-08 05:43:32'),
(818, 40, 6, 5, 'Xuất sắc', 'Chất lượng tuyệt vời, đúng như hình. Đóng gói kỹ càng, giao hàng đúng hẹn.', 1, 1, 1, '2025-06-22 05:43:32', '2025-07-08 05:43:32'),
(819, 40, 9, 5, 'Sản phẩm tuyệt vời', 'Mua về sử dụng rất ổn. Chất lượng tốt, giá cả phải chăng. Recommend!', 1, 1, 1, '2025-07-02 05:43:32', '2025-07-08 05:43:32'),
(820, 40, 12, 4, 'OK', 'Sản phẩm tương đối tốt. Chất liệu ổn, thiết kế đẹp. Giao hàng nhanh.', 1, 1, 1, '2025-05-09 05:43:32', '2025-07-08 05:43:32'),
(821, 40, 16, 5, 'Xuất sắc', 'Mình rất hài lòng với sản phẩm này. Chất lượng vượt mong đợi, sẽ mua lại.', 0, 1, 1, '2025-05-22 05:43:32', '2025-07-08 05:43:32'),
(822, 40, 19, 4, 'Tốt', 'Sản phẩm đúng mô tả, chất lượng tạm ổn. Shop giao hàng đúng hẹn.', 0, 1, 1, '2025-07-03 05:43:32', '2025-07-08 05:43:32'),
(823, 40, 20, 4, 'Tốt', 'Mình khá hài lòng với sản phẩm. Chất lượng tốt, chỉ có màu sắc hơi khác hình.', 1, 1, 1, '2025-05-09 05:43:32', '2025-07-08 05:43:32'),
(824, 40, 22, 4, 'Đáng mua', 'Chất lượng khá tốt, giá cả hợp lý. Có thể cải thiện thêm về đóng gói.', 0, 1, 1, '2025-05-13 05:43:32', '2025-07-08 05:43:32'),
(825, 40, 25, 5, 'Chất lượng tốt', 'Mua về sử dụng rất ổn. Chất lượng tốt, giá cả phải chăng. Recommend!', 1, 1, 1, '2025-05-24 05:43:32', '2025-07-08 05:43:32'),
(826, 40, 29, 5, 'Rất hài lòng', 'Sản phẩm chất lượng tốt, đúng như mô tả. Giao hàng nhanh, đóng gói cẩn thận.', 0, 1, 1, '2025-06-25 05:43:32', '2025-07-08 05:43:32'),
(827, 40, 30, 5, 'Đáng tiền', 'Sản phẩm vượt ngoài mong đợi. Chất liệu tốt, thiết kế đẹp, rất hài lòng.', 1, 1, 1, '2025-05-30 05:43:32', '2025-07-08 05:43:32'),
(828, 40, 31, 4, 'Ổn', 'Chất lượng khá tốt, giá cả hợp lý. Có thể cải thiện thêm về đóng gói.', 1, 1, 1, '2025-05-23 05:43:32', '2025-07-08 05:43:32'),
(829, 40, 34, 4, 'Sản phẩm tốt', 'Sản phẩm tương đối tốt. Chất liệu ổn, thiết kế đẹp. Giao hàng nhanh.', 1, 1, 1, '2025-05-23 05:43:32', '2025-07-08 05:43:32'),
(830, 40, 35, 5, 'Tuyệt vời!', 'Chất lượng tuyệt vời, đúng như hình. Đóng gói kỹ càng, giao hàng đúng hẹn.', 1, 1, 1, '2025-05-28 05:43:32', '2025-07-08 05:43:32'),
(831, 40, 37, 5, 'Rất tốt', 'Shop uy tín, sản phẩm chất lượng. Giao hàng nhanh, đóng gói cẩn thận.', 1, 1, 1, '2025-07-07 05:43:32', '2025-07-08 05:43:32'),
(832, 40, 40, 4, 'Hài lòng', 'Chất lượng khá, giá cả phù hợp. Có thể mua để sử dụng.', 0, 1, 1, '2025-05-10 05:43:32', '2025-07-08 05:43:32'),
(833, 40, 43, 4, 'Ổn', 'Sản phẩm ổn, đúng như mong đợi. Giao hàng đúng hẹn, shop hỗ trợ tốt.', 1, 1, 1, '2025-06-15 05:43:32', '2025-07-08 05:43:32'),
(834, 40, 49, 5, 'Rất hài lòng', 'Sản phẩm vượt ngoài mong đợi. Chất liệu tốt, thiết kế đẹp, rất hài lòng.', 0, 1, 1, '2025-06-18 05:43:32', '2025-07-08 05:43:32'),
(835, 40, 50, 5, 'Xuất sắc', 'Sản phẩm vượt ngoài mong đợi. Chất liệu tốt, thiết kế đẹp, rất hài lòng.', 0, 1, 1, '2025-06-30 05:43:32', '2025-07-08 05:43:32'),
(836, 40, 51, 4, 'Khá tốt', 'Mình khá hài lòng với sản phẩm. Chất lượng tốt, chỉ có màu sắc hơi khác hình.', 1, 1, 1, '2025-06-04 05:43:32', '2025-07-08 05:43:32'),
(837, 41, 1, 4, 'Hài lòng', 'Chất lượng khá tốt, giá cả hợp lý. Có thể cải thiện thêm về đóng gói.', 0, 1, 1, '2025-06-04 05:43:32', '2025-07-08 05:43:32'),
(838, 41, 9, 3, 'Trung bình', 'Sản phẩm tạm ổn, không quá xuất sắc nhưng cũng không tệ.', 1, 1, 1, '2025-06-14 05:43:32', '2025-07-08 05:43:32'),
(839, 41, 13, 3, 'Có thể', 'Sản phẩm tạm ổn, không quá xuất sắc nhưng cũng không tệ.', 0, 0, 1, '2025-05-19 05:43:32', '2025-07-08 05:43:32'),
(840, 41, 17, 5, 'Rất tốt', 'Sản phẩm vượt ngoài mong đợi. Chất liệu tốt, thiết kế đẹp, rất hài lòng.', 0, 1, 1, '2025-06-12 05:43:32', '2025-07-08 05:43:32'),
(841, 41, 23, 3, 'Không tệ', 'Mình thấy sản phẩm tạm ổn, không có gì đặc biệt nhưng cũng đủ dùng.', 1, 0, 1, '2025-05-22 05:43:32', '2025-07-08 05:43:32'),
(842, 41, 27, 5, 'Rất tốt', 'Sản phẩm tốt, giá cả hợp lý. Shop giao hàng nhanh, hỗ trợ nhiệt tình.', 0, 1, 1, '2025-06-16 05:43:32', '2025-07-08 05:43:32'),
(843, 41, 28, 3, 'Có thể', 'Sản phẩm bình thường, đúng giá tiền. Có thể mua để dùng tạm.', 1, 0, 1, '2025-07-02 05:43:32', '2025-07-08 05:43:32'),
(844, 41, 29, 4, 'Chất lượng', 'Sản phẩm tương đối tốt. Chất liệu ổn, thiết kế đẹp. Giao hàng nhanh.', 1, 1, 1, '2025-06-29 05:43:32', '2025-07-08 05:43:32'),
(845, 41, 31, 3, 'Trung bình', 'Chất lượng trung bình khá, giá cả hợp lý. Giao hàng hơi chậm.', 1, 1, 1, '2025-05-26 05:43:32', '2025-07-08 05:43:32'),
(846, 41, 33, 4, 'Sản phẩm tốt', 'Sản phẩm đúng mô tả, chất lượng tạm ổn. Shop giao hàng đúng hẹn.', 1, 1, 1, '2025-06-22 05:43:32', '2025-07-08 05:43:32'),
(847, 41, 35, 2, 'Hơi tệ', 'Sản phẩm tạm được nhưng có nhiều điểm cần cải thiện.', 0, 0, 1, '2025-05-21 05:43:32', '2025-07-08 05:43:32'),
(848, 41, 36, 4, 'OK', 'Mình khá hài lòng với sản phẩm. Chất lượng tốt, chỉ có màu sắc hơi khác hình.', 1, 1, 1, '2025-06-06 05:43:32', '2025-07-08 05:43:32'),
(849, 41, 43, 5, 'Tuyệt vời!', 'Rất hài lòng với lần mua hàng này. Sản phẩm tốt, service chu đáo.', 1, 1, 1, '2025-06-22 05:43:32', '2025-07-08 05:43:32'),
(850, 41, 47, 4, 'Tốt', 'Sản phẩm tốt, đúng mô tả. Giao hàng hơi chậm nhưng chất lượng ổn.', 1, 1, 1, '2025-05-11 05:43:32', '2025-07-08 05:43:32'),
(852, 42, 4, 5, 'Rất tốt', 'Sản phẩm tốt, giá cả hợp lý. Shop giao hàng nhanh, hỗ trợ nhiệt tình.', 1, 1, 1, '2025-05-17 05:43:32', '2025-07-08 05:43:32'),
(853, 42, 5, 5, 'Tuyệt vời!', 'Mình rất hài lòng với sản phẩm này. Chất lượng vượt mong đợi, sẽ mua lại.', 0, 1, 1, '2025-06-20 05:43:32', '2025-07-08 05:43:32'),
(854, 42, 6, 5, 'Rất tốt', 'Shop uy tín, sản phẩm chất lượng. Giao hàng nhanh, đóng gói cẩn thận.', 1, 1, 1, '2025-07-05 05:43:32', '2025-07-08 05:43:32'),
(855, 42, 14, 5, 'Rất tốt', 'Chất lượng tuyệt vời, đúng như hình. Đóng gói kỹ càng, giao hàng đúng hẹn.', 1, 1, 1, '2025-06-14 05:43:32', '2025-07-08 05:43:32'),
(856, 42, 15, 4, 'Ổn', 'Chất lượng khá, giá cả phù hợp. Có thể mua để sử dụng.', 1, 1, 1, '2025-06-10 05:43:32', '2025-07-08 05:43:32'),
(857, 42, 18, 4, 'Khá tốt', 'Tổng thể ổn, có vài điểm nhỏ cần cải thiện nhưng vẫn đáng mua.', 1, 1, 1, '2025-05-28 05:43:32', '2025-07-08 05:43:32'),
(858, 42, 19, 5, 'Đáng tiền', 'Mình rất hài lòng với sản phẩm này. Chất lượng vượt mong đợi, sẽ mua lại.', 1, 1, 1, '2025-06-21 05:43:32', '2025-07-08 05:43:32'),
(859, 42, 20, 3, 'Tạm ổn', 'Sản phẩm tạm ổn, không quá xuất sắc nhưng cũng không tệ.', 1, 1, 1, '2025-07-02 05:43:32', '2025-07-08 05:43:32'),
(860, 42, 22, 3, 'Có thể', 'Sản phẩm cũng được, không xuất sắc lắm nhưng đáp ứng được nhu cầu.', 0, 0, 1, '2025-05-26 05:43:32', '2025-07-08 05:43:32'),
(861, 42, 25, 4, 'Hài lòng', 'Sản phẩm tốt, đúng mô tả. Giao hàng hơi chậm nhưng chất lượng ổn.', 0, 1, 1, '2025-05-13 05:43:32', '2025-07-08 05:43:32'),
(862, 42, 26, 5, 'Rất hài lòng', 'Rất hài lòng với lần mua hàng này. Sản phẩm tốt, service chu đáo.', 0, 1, 1, '2025-06-09 05:43:32', '2025-07-08 05:43:32'),
(863, 42, 27, 5, 'Rất hài lòng', 'Mua về sử dụng rất ổn. Chất lượng tốt, giá cả phải chăng. Recommend!', 1, 1, 1, '2025-06-16 05:43:32', '2025-07-08 05:43:32'),
(864, 42, 28, 3, 'Tạm', 'Sản phẩm cũng được, không xuất sắc lắm nhưng đáp ứng được nhu cầu.', 1, 0, 1, '2025-05-15 05:43:32', '2025-07-08 05:43:32'),
(865, 42, 29, 5, 'Rất hài lòng', 'Mình rất hài lòng với sản phẩm này. Chất lượng vượt mong đợi, sẽ mua lại.', 1, 1, 1, '2025-06-20 05:43:32', '2025-07-08 05:43:32'),
(866, 42, 31, 4, 'Chất lượng', 'Chất lượng khá tốt, giá cả hợp lý. Có thể cải thiện thêm về đóng gói.', 1, 1, 1, '2025-05-16 05:43:32', '2025-07-08 05:43:32'),
(867, 42, 32, 4, 'Khá tốt', 'Sản phẩm ổn, đúng như mong đợi. Giao hàng đúng hẹn, shop hỗ trợ tốt.', 1, 1, 1, '2025-05-29 05:43:32', '2025-07-08 05:43:32'),
(868, 42, 33, 4, 'OK', 'Sản phẩm đúng mô tả, chất lượng tạm ổn. Shop giao hàng đúng hẹn.', 0, 1, 1, '2025-06-25 05:43:32', '2025-07-08 05:43:32'),
(869, 42, 34, 5, 'Quá hài lòng', 'Sản phẩm tốt, giá cả hợp lý. Shop giao hàng nhanh, hỗ trợ nhiệt tình.', 0, 1, 1, '2025-07-07 05:43:32', '2025-07-08 05:43:32'),
(870, 42, 36, 5, 'Sản phẩm tuyệt vời', 'Shop uy tín, sản phẩm chất lượng. Giao hàng nhanh, đóng gói cẩn thận.', 1, 1, 1, '2025-05-12 05:43:32', '2025-07-08 05:43:32'),
(871, 42, 38, 5, 'Chất lượng tốt', 'Mua về sử dụng rất ổn. Chất lượng tốt, giá cả phải chăng. Recommend!', 0, 1, 1, '2025-05-27 05:43:32', '2025-07-08 05:43:32'),
(872, 42, 40, 3, 'Không tệ', 'Chất lượng trung bình, phù hợp với tầm giá. Giao hàng đúng hẹn.', 1, 1, 1, '2025-05-28 05:43:32', '2025-07-08 05:43:32'),
(873, 42, 41, 4, 'OK', 'Tổng thể ổn, có vài điểm nhỏ cần cải thiện nhưng vẫn đáng mua.', 0, 1, 1, '2025-05-14 05:43:32', '2025-07-08 05:43:32'),
(874, 42, 42, 5, 'Xuất sắc', 'Sản phẩm tốt, giá cả hợp lý. Shop giao hàng nhanh, hỗ trợ nhiệt tình.', 1, 1, 1, '2025-06-26 05:43:32', '2025-07-08 05:43:32'),
(875, 42, 44, 5, 'Xuất sắc', 'Rất hài lòng với lần mua hàng này. Sản phẩm tốt, service chu đáo.', 1, 1, 1, '2025-07-06 05:43:32', '2025-07-08 05:43:32'),
(876, 42, 45, 5, 'Rất hài lòng', 'Sản phẩm chất lượng tốt, đúng như mô tả. Giao hàng nhanh, đóng gói cẩn thận.', 1, 1, 1, '2025-05-25 05:43:32', '2025-07-08 05:43:32'),
(877, 43, 6, 5, 'Đáng tiền', 'Shop uy tín, sản phẩm chất lượng. Giao hàng nhanh, đóng gói cẩn thận.', 1, 1, 1, '2025-06-14 05:43:32', '2025-07-08 05:43:32'),
(878, 43, 9, 4, 'Hài lòng', 'Mình khá hài lòng với sản phẩm. Chất lượng tốt, chỉ có màu sắc hơi khác hình.', 1, 1, 1, '2025-06-03 05:43:32', '2025-07-08 05:43:32'),
(879, 43, 10, 5, 'Tuyệt vời!', 'Sản phẩm vượt ngoài mong đợi. Chất liệu tốt, thiết kế đẹp, rất hài lòng.', 1, 1, 1, '2025-06-21 05:43:32', '2025-07-08 05:43:32'),
(880, 43, 15, 3, 'Tạm ổn', 'Chất lượng trung bình, phù hợp với tầm giá. Giao hàng đúng hẹn.', 0, 1, 1, '2025-05-26 05:43:32', '2025-07-08 05:43:32'),
(881, 43, 17, 3, 'Bình thường thôi', 'Chất lượng trung bình, phù hợp với tầm giá. Giao hàng đúng hẹn.', 1, 0, 1, '2025-05-11 05:43:32', '2025-07-08 05:43:32'),
(882, 43, 20, 5, 'Quá hài lòng', 'Chất lượng tuyệt vời, đúng như hình. Đóng gói kỹ càng, giao hàng đúng hẹn.', 1, 1, 1, '2025-05-24 05:43:32', '2025-07-08 05:43:32'),
(883, 43, 21, 5, 'Chất lượng tốt', 'Chất lượng tuyệt vời, đúng như hình. Đóng gói kỹ càng, giao hàng đúng hẹn.', 1, 1, 1, '2025-05-11 05:43:32', '2025-07-08 05:43:32'),
(884, 43, 22, 5, 'Rất hài lòng', 'Sản phẩm vượt ngoài mong đợi. Chất liệu tốt, thiết kế đẹp, rất hài lòng.', 1, 1, 1, '2025-06-28 05:43:32', '2025-07-08 05:43:32'),
(885, 43, 23, 3, 'Trung bình', 'Chất lượng trung bình khá, giá cả hợp lý. Giao hàng hơi chậm.', 1, 1, 1, '2025-07-04 05:43:32', '2025-07-08 05:43:32'),
(886, 43, 25, 4, 'Sản phẩm tốt', 'Sản phẩm ổn, đúng như mong đợi. Giao hàng đúng hẹn, shop hỗ trợ tốt.', 1, 1, 1, '2025-05-27 05:43:32', '2025-07-08 05:43:32'),
(887, 43, 26, 3, 'Tạm', 'Sản phẩm tạm ổn, không quá xuất sắc nhưng cũng không tệ.', 1, 0, 1, '2025-06-02 05:43:32', '2025-07-08 05:43:32'),
(888, 43, 27, 5, 'Sản phẩm tuyệt vời', 'Sản phẩm chất lượng tốt, đúng như mô tả. Giao hàng nhanh, đóng gói cẩn thận.', 1, 1, 1, '2025-06-18 05:43:32', '2025-07-08 05:43:32'),
(889, 43, 32, 5, 'Rất tốt', 'Sản phẩm vượt ngoài mong đợi. Chất liệu tốt, thiết kế đẹp, rất hài lòng.', 0, 1, 1, '2025-06-13 05:43:32', '2025-07-08 05:43:32'),
(890, 43, 34, 4, 'Khá tốt', 'Mình khá hài lòng với sản phẩm. Chất lượng tốt, chỉ có màu sắc hơi khác hình.', 1, 1, 1, '2025-06-11 05:43:32', '2025-07-08 05:43:32'),
(891, 43, 37, 5, 'Xuất sắc', 'Sản phẩm tốt, giá cả hợp lý. Shop giao hàng nhanh, hỗ trợ nhiệt tình.', 1, 1, 1, '2025-06-02 05:43:32', '2025-07-08 05:43:32'),
(892, 43, 41, 3, 'Không tệ', 'Chất lượng trung bình khá, giá cả hợp lý. Giao hàng hơi chậm.', 1, 0, 1, '2025-05-11 05:43:32', '2025-07-08 05:43:32'),
(893, 43, 43, 3, 'Tạm', 'Chất lượng trung bình, phù hợp với tầm giá. Giao hàng đúng hẹn.', 1, 0, 1, '2025-05-16 05:43:33', '2025-07-08 05:43:33'),
(894, 43, 46, 5, 'Rất tốt', 'Sản phẩm vượt ngoài mong đợi. Chất liệu tốt, thiết kế đẹp, rất hài lòng.', 1, 1, 1, '2025-06-02 05:43:33', '2025-07-08 05:43:33'),
(895, 43, 47, 3, 'Cũng được', 'Tạm ổn thôi, chất lượng không ấn tượng lắm nhưng cũng đủ xài.', 0, 0, 1, '2025-06-03 05:43:33', '2025-07-08 05:43:33'),
(896, 43, 49, 4, 'Ổn', 'Sản phẩm tốt, đúng mô tả. Giao hàng hơi chậm nhưng chất lượng ổn.', 1, 1, 1, '2025-06-28 05:43:33', '2025-07-08 05:43:33'),
(897, 43, 50, 5, 'Quá hài lòng', 'Sản phẩm vượt ngoài mong đợi. Chất liệu tốt, thiết kế đẹp, rất hài lòng.', 1, 1, 1, '2025-06-17 05:43:33', '2025-07-08 05:43:33'),
(898, 43, 51, 3, 'Bình thường thôi', 'Chất lượng trung bình, phù hợp với tầm giá. Giao hàng đúng hẹn.', 1, 0, 1, '2025-06-08 05:43:33', '2025-07-08 05:43:33'),
(908, 68, 14, 5, NULL, 'Giá tốt, chất lượng ổn, sẽ ủng hộ shop tiếp', 1, 1, 1, '2025-06-25 04:10:34', '2025-06-28 04:10:34'),
(909, 68, 16, 5, NULL, 'Điện thoại chất lượng tốt, pin trâu, camera đẹp', 1, 1, 1, '2025-06-27 04:10:34', '2025-06-17 04:10:34'),
(910, 68, 42, 5, NULL, 'Sản phẩm chính hãng, ship nhanh, đóng gói cẩn thận', 1, 1, 1, '2025-06-18 04:10:34', '2025-06-14 04:10:34'),
(911, 68, 1, 5, NULL, 'Điện thoại chất lượng tốt, pin trâu, camera đẹp', 1, 1, 1, '2025-06-12 04:10:34', '2025-07-06 04:10:34'),
(912, 68, 11, 5, NULL, 'Pin dùng cả ngày, camera chụp đẹp, recommended', 1, 1, 1, '2025-06-16 04:10:34', '2025-06-10 04:10:34'),
(914, 68, 27, 4, NULL, 'Sản phẩm chính hãng, ship nhanh, đóng gói cẩn thận', 1, 1, 1, '2025-06-30 04:10:34', '2025-06-13 04:10:34'),
(915, 68, 48, 3, NULL, 'Chất lượng khá, có vài điểm nhỏ cần cải thiện', 1, 1, 1, '2025-06-15 04:10:34', '2025-06-23 04:10:34'),
(916, 69, 45, 5, NULL, 'Pin dùng cả ngày, camera chụp đẹp, recommended', 1, 1, 1, '2025-06-23 04:10:34', '2025-06-21 04:10:34'),
(917, 69, 7, 5, NULL, 'Điện thoại chất lượng tốt, pin trâu, camera đẹp', 1, 1, 1, '2025-06-20 04:10:34', '2025-06-26 04:10:34'),
(918, 69, 12, 5, NULL, 'Giá tốt, chất lượng ổn, sẽ ủng hộ shop tiếp', 1, 1, 1, '2025-06-12 04:10:34', '2025-07-02 04:10:34'),
(919, 69, 47, 5, NULL, 'Pin dùng cả ngày, camera chụp đẹp, recommended', 1, 1, 1, '2025-06-11 04:10:34', '2025-06-28 04:10:34'),
(920, 69, 1, 5, NULL, 'Máy đẹp, màn hình sắc nét, hiệu năng mượt mà', 1, 1, 1, '2025-06-19 04:10:34', '2025-06-11 04:10:34'),
(921, 69, 17, 5, NULL, 'Pin dùng cả ngày, camera chụp đẹp, recommended', 1, 1, 1, '2025-06-19 04:10:34', '2025-06-19 04:10:34'),
(922, 69, 30, 5, NULL, 'Máy đẹp, màn hình sắc nét, hiệu năng mượt mà', 1, 1, 1, '2025-07-03 04:10:34', '2025-06-17 04:10:34'),
(923, 69, 22, 5, NULL, 'Máy đẹp, màn hình sắc nét, hiệu năng mượt mà', 1, 1, 1, '2025-06-13 04:10:34', '2025-06-29 04:10:34'),
(924, 69, 38, 5, NULL, 'Pin dùng cả ngày, camera chụp đẹp, recommended', 1, 1, 1, '2025-07-06 04:10:34', '2025-06-15 04:10:34'),
(925, 69, 35, 5, NULL, 'Sản phẩm chính hãng, ship nhanh, đóng gói cẩn thận', 1, 1, 1, '2025-06-18 04:10:34', '2025-06-29 04:10:34');
INSERT INTO `reviews` (`id`, `product_id`, `user_id`, `rating`, `title`, `comment`, `is_verified_purchase`, `is_recommended`, `is_approved`, `created_at`, `updated_at`) VALUES
(926, 69, 40, 5, NULL, 'Sản phẩm chính hãng, ship nhanh, đóng gói cẩn thận', 1, 1, 1, '2025-06-17 04:10:34', '2025-06-10 04:10:34'),
(927, 69, 46, 5, NULL, 'Máy đẹp, màn hình sắc nét, hiệu năng mượt mà', 1, 1, 1, '2025-06-24 04:10:34', '2025-06-21 04:10:34'),
(928, 69, 18, 5, NULL, 'Giá tốt, chất lượng ổn, sẽ ủng hộ shop tiếp', 1, 1, 1, '2025-06-19 04:10:34', '2025-06-30 04:10:34'),
(929, 69, 37, 5, NULL, 'Điện thoại chất lượng tốt, pin trâu, camera đẹp', 1, 1, 1, '2025-07-01 04:10:34', '2025-06-24 04:10:34'),
(930, 69, 50, 5, NULL, 'Điện thoại chất lượng tốt, pin trâu, camera đẹp', 1, 1, 1, '2025-06-29 04:10:34', '2025-06-16 04:10:34'),
(931, 69, 26, 5, NULL, 'Máy đẹp, màn hình sắc nét, hiệu năng mượt mà', 1, 1, 1, '2025-07-04 04:10:34', '2025-06-16 04:10:34'),
(933, 69, 39, 4, NULL, 'Máy đẹp, màn hình sắc nét, hiệu năng mượt mà', 1, 1, 1, '2025-06-18 04:10:34', '2025-07-01 04:10:34'),
(934, 69, 41, 4, NULL, 'Giá tốt, chất lượng ổn, sẽ ủng hộ shop tiếp', 1, 1, 1, '2025-07-01 04:10:34', '2025-06-20 04:10:34'),
(935, 69, 27, 4, NULL, 'Điện thoại chất lượng tốt, pin trâu, camera đẹp', 1, 1, 1, '2025-06-20 04:10:34', '2025-06-09 04:10:34'),
(936, 69, 11, 4, NULL, 'Pin dùng cả ngày, camera chụp đẹp, recommended', 1, 1, 1, '2025-06-15 04:10:34', '2025-07-01 04:10:34'),
(937, 69, 24, 4, NULL, 'Sản phẩm chính hãng, ship nhanh, đóng gói cẩn thận', 1, 1, 1, '2025-06-15 04:10:34', '2025-07-07 04:10:34'),
(938, 69, 43, 4, NULL, 'Máy đẹp, màn hình sắc nét, hiệu năng mượt mà', 1, 1, 1, '2025-06-22 04:10:34', '2025-06-17 04:10:34'),
(939, 69, 8, 4, NULL, 'Điện thoại chất lượng tốt, pin trâu, camera đẹp', 1, 1, 1, '2025-07-04 04:10:34', '2025-06-21 04:10:34'),
(940, 69, 49, 4, NULL, 'Giá tốt, chất lượng ổn, sẽ ủng hộ shop tiếp', 1, 1, 1, '2025-07-08 04:10:34', '2025-06-27 04:10:34'),
(941, 69, 4, 4, NULL, 'Giá tốt, chất lượng ổn, sẽ ủng hộ shop tiếp', 1, 1, 1, '2025-07-08 04:10:34', '2025-07-04 04:10:34'),
(942, 69, 19, 4, NULL, 'Sản phẩm chính hãng, ship nhanh, đóng gói cẩn thận', 1, 1, 1, '2025-06-15 04:10:34', '2025-06-24 04:10:34'),
(943, 69, 29, 4, NULL, 'Điện thoại chất lượng tốt, pin trâu, camera đẹp', 1, 1, 1, '2025-06-29 04:10:34', '2025-07-05 04:10:34'),
(944, 69, 9, 4, NULL, 'Sản phẩm chính hãng, ship nhanh, đóng gói cẩn thận', 1, 1, 1, '2025-06-19 04:10:34', '2025-06-16 04:10:34'),
(945, 69, 48, 4, NULL, 'Pin dùng cả ngày, camera chụp đẹp, recommended', 1, 1, 1, '2025-06-28 04:10:34', '2025-06-26 04:10:34'),
(946, 69, 51, 4, NULL, 'Giá tốt, chất lượng ổn, sẽ ủng hộ shop tiếp', 1, 1, 1, '2025-06-27 04:10:34', '2025-07-05 04:10:34'),
(947, 69, 36, 4, NULL, 'Giá tốt, chất lượng ổn, sẽ ủng hộ shop tiếp', 1, 1, 1, '2025-06-22 04:10:34', '2025-06-17 04:10:34'),
(948, 69, 5, 4, NULL, 'Pin dùng cả ngày, camera chụp đẹp, recommended', 1, 1, 1, '2025-07-05 04:10:34', '2025-06-10 04:10:34'),
(949, 69, 13, 4, NULL, 'Máy đẹp, màn hình sắc nét, hiệu năng mượt mà', 1, 1, 1, '2025-06-13 04:10:34', '2025-07-06 04:10:34'),
(950, 69, 23, 4, NULL, 'Giá tốt, chất lượng ổn, sẽ ủng hộ shop tiếp', 1, 1, 1, '2025-06-29 04:10:34', '2025-06-25 04:10:34'),
(951, 69, 44, 4, NULL, 'Sản phẩm chính hãng, ship nhanh, đóng gói cẩn thận', 1, 1, 1, '2025-07-03 04:10:34', '2025-07-07 04:10:34'),
(952, 69, 32, 4, NULL, 'Điện thoại chất lượng tốt, pin trâu, camera đẹp', 1, 1, 1, '2025-06-25 04:10:34', '2025-06-28 04:10:34'),
(953, 69, 21, 4, NULL, 'Máy đẹp, màn hình sắc nét, hiệu năng mượt mà', 1, 1, 1, '2025-07-03 04:10:34', '2025-06-21 04:10:34'),
(954, 69, 34, 4, NULL, 'Pin dùng cả ngày, camera chụp đẹp, recommended', 1, 1, 1, '2025-06-10 04:10:34', '2025-06-09 04:10:34'),
(955, 69, 10, 3, NULL, 'Sản phẩm ổn, phù hợp tầm giá', 1, 1, 1, '2025-07-05 04:10:34', '2025-06-21 04:10:34'),
(956, 69, 42, 3, NULL, 'Sản phẩm ổn, phù hợp tầm giá', 1, 1, 1, '2025-07-07 04:10:34', '2025-06-22 04:10:34'),
(957, 69, 20, 3, NULL, 'Tạm ổn, đúng như mô tả', 1, 1, 1, '2025-06-23 04:10:34', '2025-07-01 04:10:34'),
(958, 69, 14, 3, NULL, 'Tạm ổn, đúng như mô tả', 1, 1, 1, '2025-06-11 04:10:34', '2025-06-09 04:10:34'),
(959, 69, 33, 3, NULL, 'Sản phẩm ổn, phù hợp tầm giá', 1, 1, 1, '2025-06-21 04:10:34', '2025-06-17 04:10:34'),
(960, 69, 6, 3, NULL, 'Tạm ổn, đúng như mô tả', 1, 1, 1, '2025-06-13 04:10:34', '2025-07-08 04:10:34'),
(961, 69, 28, 3, NULL, 'Tạm ổn, đúng như mô tả', 1, 1, 1, '2025-06-24 04:10:34', '2025-06-30 04:10:34'),
(962, 69, 16, 3, NULL, 'Sản phẩm ổn, phù hợp tầm giá', 1, 1, 1, '2025-06-28 04:10:34', '2025-06-29 04:10:34'),
(963, 69, 25, 3, NULL, 'Sản phẩm ổn, phù hợp tầm giá', 1, 1, 1, '2025-06-29 04:10:34', '2025-07-03 04:10:34'),
(964, 69, 15, 3, NULL, 'Sản phẩm ổn, phù hợp tầm giá', 1, 1, 1, '2025-07-02 04:10:34', '2025-06-16 04:10:34'),
(965, 69, 31, 3, NULL, 'Sản phẩm ổn, phù hợp tầm giá', 1, 1, 1, '2025-06-24 04:10:34', '2025-06-10 04:10:34'),
(966, 70, 14, 5, NULL, 'Điện thoại chất lượng tốt, pin trâu, camera đẹp', 1, 1, 1, '2025-06-20 04:10:34', '2025-06-23 04:10:34'),
(967, 70, 27, 5, NULL, 'Giá tốt, chất lượng ổn, sẽ ủng hộ shop tiếp', 1, 1, 1, '2025-06-09 04:10:34', '2025-06-18 04:10:34'),
(968, 70, 51, 5, NULL, 'Giá tốt, chất lượng ổn, sẽ ủng hộ shop tiếp', 1, 1, 1, '2025-06-29 04:10:34', '2025-06-22 04:10:34'),
(969, 70, 28, 5, NULL, 'Máy đẹp, màn hình sắc nét, hiệu năng mượt mà', 1, 1, 1, '2025-06-24 04:10:35', '2025-06-25 04:10:35'),
(970, 70, 38, 5, NULL, 'Máy đẹp, màn hình sắc nét, hiệu năng mượt mà', 1, 1, 1, '2025-06-21 04:10:35', '2025-07-04 04:10:35'),
(971, 70, 16, 5, NULL, 'Máy đẹp, màn hình sắc nét, hiệu năng mượt mà', 1, 1, 1, '2025-06-17 04:10:35', '2025-06-18 04:10:35'),
(972, 70, 33, 5, NULL, 'Giá tốt, chất lượng ổn, sẽ ủng hộ shop tiếp', 1, 1, 1, '2025-06-19 04:10:35', '2025-06-25 04:10:35'),
(973, 70, 45, 5, NULL, 'Sản phẩm chính hãng, ship nhanh, đóng gói cẩn thận', 1, 1, 1, '2025-06-13 04:10:35', '2025-07-01 04:10:35'),
(974, 70, 22, 5, NULL, 'Giá tốt, chất lượng ổn, sẽ ủng hộ shop tiếp', 1, 1, 1, '2025-06-17 04:10:35', '2025-06-09 04:10:35'),
(975, 70, 1, 5, NULL, 'Giá tốt, chất lượng ổn, sẽ ủng hộ shop tiếp', 1, 1, 1, '2025-06-21 04:10:35', '2025-07-05 04:10:35'),
(977, 70, 21, 5, NULL, 'Pin dùng cả ngày, camera chụp đẹp, recommended', 1, 1, 1, '2025-06-19 04:10:35', '2025-07-03 04:10:35'),
(978, 70, 9, 5, NULL, 'Sản phẩm chính hãng, ship nhanh, đóng gói cẩn thận', 1, 1, 1, '2025-06-12 04:10:35', '2025-07-07 04:10:35'),
(979, 70, 26, 5, NULL, 'Sản phẩm chính hãng, ship nhanh, đóng gói cẩn thận', 1, 1, 1, '2025-07-02 04:10:35', '2025-06-21 04:10:35'),
(980, 70, 4, 5, NULL, 'Giá tốt, chất lượng ổn, sẽ ủng hộ shop tiếp', 1, 1, 1, '2025-06-15 04:10:35', '2025-06-24 04:10:35'),
(981, 70, 49, 5, NULL, 'Giá tốt, chất lượng ổn, sẽ ủng hộ shop tiếp', 1, 1, 1, '2025-06-26 04:10:35', '2025-06-17 04:10:35'),
(982, 70, 37, 5, NULL, 'Sản phẩm chính hãng, ship nhanh, đóng gói cẩn thận', 1, 1, 1, '2025-07-01 04:10:35', '2025-06-23 04:10:35'),
(983, 70, 40, 5, NULL, 'Sản phẩm chính hãng, ship nhanh, đóng gói cẩn thận', 1, 1, 1, '2025-07-07 04:10:35', '2025-06-30 04:10:35'),
(984, 70, 24, 5, NULL, 'Sản phẩm chính hãng, ship nhanh, đóng gói cẩn thận', 1, 1, 1, '2025-06-24 04:10:35', '2025-07-02 04:10:35'),
(985, 70, 31, 4, NULL, 'Sản phẩm chính hãng, ship nhanh, đóng gói cẩn thận', 1, 1, 1, '2025-06-10 04:10:35', '2025-06-15 04:10:35'),
(986, 70, 43, 4, NULL, 'Máy đẹp, màn hình sắc nét, hiệu năng mượt mà', 1, 1, 1, '2025-06-29 04:10:35', '2025-06-10 04:10:35'),
(987, 70, 5, 4, NULL, 'Sản phẩm chính hãng, ship nhanh, đóng gói cẩn thận', 1, 1, 1, '2025-06-26 04:10:35', '2025-06-15 04:10:35'),
(988, 70, 20, 4, NULL, 'Giá tốt, chất lượng ổn, sẽ ủng hộ shop tiếp', 1, 1, 1, '2025-07-04 04:10:35', '2025-06-14 04:10:35'),
(989, 70, 30, 4, NULL, 'Giá tốt, chất lượng ổn, sẽ ủng hộ shop tiếp', 1, 1, 1, '2025-06-29 04:10:35', '2025-06-11 04:10:35'),
(990, 70, 48, 4, NULL, 'Sản phẩm chính hãng, ship nhanh, đóng gói cẩn thận', 1, 1, 1, '2025-06-26 04:10:35', '2025-07-01 04:10:35'),
(991, 70, 19, 4, NULL, 'Điện thoại chất lượng tốt, pin trâu, camera đẹp', 1, 1, 1, '2025-06-24 04:10:35', '2025-07-06 04:10:35'),
(992, 70, 11, 4, NULL, 'Pin dùng cả ngày, camera chụp đẹp, recommended', 1, 1, 1, '2025-06-10 04:10:35', '2025-06-27 04:10:35'),
(993, 70, 32, 4, NULL, 'Pin dùng cả ngày, camera chụp đẹp, recommended', 1, 1, 1, '2025-06-15 04:10:35', '2025-06-11 04:10:35'),
(994, 70, 29, 3, NULL, 'Chất lượng khá, có vài điểm nhỏ cần cải thiện', 1, 1, 1, '2025-06-25 04:10:35', '2025-06-26 04:10:35'),
(995, 70, 35, 3, NULL, 'Tạm ổn, đúng như mô tả', 1, 1, 1, '2025-06-23 04:10:35', '2025-07-04 04:10:35'),
(996, 70, 42, 2, NULL, 'Máy hơi nóng khi chơi game nhiều', 1, 1, 1, '2025-06-18 04:10:35', '2025-06-27 04:10:35'),
(997, 71, 44, 5, NULL, 'Hiệu năng ổn định, phù hợp làm việc và giải trí', 1, 1, 1, '2025-06-24 04:10:35', '2025-06-13 04:10:35'),
(998, 71, 50, 5, NULL, 'Chạy game mượt, rendering nhanh', 1, 1, 1, '2025-06-20 04:10:35', '2025-06-16 04:10:35'),
(999, 71, 38, 5, NULL, 'Chạy game mượt, rendering nhanh', 1, 1, 1, '2025-07-03 04:10:35', '2025-07-05 04:10:35'),
(1000, 71, 47, 5, NULL, 'Hiệu năng ổn định, phù hợp làm việc và giải trí', 1, 1, 1, '2025-06-23 04:10:35', '2025-06-27 04:10:35'),
(1001, 71, 46, 5, NULL, 'Hiệu năng ổn định, phù hợp làm việc và giải trí', 1, 1, 1, '2025-06-17 04:10:35', '2025-06-17 04:10:35'),
(1002, 71, 5, 5, NULL, 'Laptop tốt trong tầm giá, đáng mua', 1, 1, 1, '2025-06-27 04:10:35', '2025-06-16 04:10:35'),
(1003, 71, 41, 5, NULL, 'Hiệu năng ổn định, phù hợp làm việc và giải trí', 1, 1, 1, '2025-06-27 04:10:35', '2025-06-29 04:10:35'),
(1004, 71, 40, 5, NULL, 'Hiệu năng ổn định, phù hợp làm việc và giải trí', 1, 1, 1, '2025-06-12 04:10:35', '2025-06-18 04:10:35'),
(1005, 71, 42, 5, NULL, 'Màn hình đẹp, bàn phím gõ thoải mái', 1, 1, 1, '2025-06-28 04:10:35', '2025-06-25 04:10:35'),
(1006, 71, 25, 5, NULL, 'Laptop tốt trong tầm giá, đáng mua', 1, 1, 1, '2025-06-23 04:10:35', '2025-06-19 04:10:35'),
(1007, 71, 8, 5, NULL, 'Màn hình đẹp, bàn phím gõ thoải mái', 1, 1, 1, '2025-06-13 04:10:35', '2025-07-01 04:10:35'),
(1008, 71, 35, 5, NULL, 'Chạy game mượt, rendering nhanh', 1, 1, 1, '2025-06-13 04:10:35', '2025-07-02 04:10:35'),
(1009, 71, 14, 5, NULL, 'Màn hình đẹp, bàn phím gõ thoải mái', 1, 1, 1, '2025-07-04 04:10:35', '2025-07-03 04:10:35'),
(1010, 71, 27, 5, NULL, 'Laptop tốt trong tầm giá, đáng mua', 1, 1, 1, '2025-06-28 04:10:35', '2025-06-19 04:10:35'),
(1011, 71, 39, 5, NULL, 'Laptop chạy mượt, cấu hình tốt, thiết kế đẹp', 1, 1, 1, '2025-06-20 04:10:35', '2025-06-17 04:10:35'),
(1012, 71, 48, 5, NULL, 'Hiệu năng ổn định, phù hợp làm việc và giải trí', 1, 1, 1, '2025-06-18 04:10:35', '2025-06-21 04:10:35'),
(1013, 71, 36, 5, NULL, 'Màn hình đẹp, bàn phím gõ thoải mái', 1, 1, 1, '2025-06-26 04:10:35', '2025-06-17 04:10:35'),
(1014, 71, 21, 5, NULL, 'Laptop chạy mượt, cấu hình tốt, thiết kế đẹp', 1, 1, 1, '2025-06-14 04:10:35', '2025-06-21 04:10:35'),
(1015, 71, 10, 5, NULL, 'Laptop chạy mượt, cấu hình tốt, thiết kế đẹp', 1, 1, 1, '2025-07-06 04:10:35', '2025-06-29 04:10:35'),
(1016, 71, 26, 5, NULL, 'Hiệu năng ổn định, phù hợp làm việc và giải trí', 1, 1, 1, '2025-07-01 04:10:35', '2025-06-16 04:10:35'),
(1017, 71, 32, 5, NULL, 'Màn hình đẹp, bàn phím gõ thoải mái', 1, 1, 1, '2025-06-18 04:10:35', '2025-07-02 04:10:35'),
(1018, 71, 28, 5, NULL, 'Laptop tốt trong tầm giá, đáng mua', 1, 1, 1, '2025-07-02 04:10:35', '2025-06-10 04:10:35'),
(1019, 71, 9, 5, NULL, 'Hiệu năng ổn định, phù hợp làm việc và giải trí', 1, 1, 1, '2025-06-26 04:10:35', '2025-06-21 04:10:35'),
(1020, 71, 29, 5, NULL, 'Chạy game mượt, rendering nhanh', 1, 1, 1, '2025-06-20 04:10:35', '2025-06-30 04:10:35'),
(1022, 71, 6, 5, NULL, 'Laptop tốt trong tầm giá, đáng mua', 1, 1, 1, '2025-06-19 04:10:35', '2025-06-12 04:10:35'),
(1023, 71, 31, 5, NULL, 'Hiệu năng ổn định, phù hợp làm việc và giải trí', 1, 1, 1, '2025-06-21 04:10:35', '2025-06-13 04:10:35'),
(1024, 71, 45, 5, NULL, 'Laptop tốt trong tầm giá, đáng mua', 1, 1, 1, '2025-07-04 04:10:35', '2025-07-03 04:10:35'),
(1025, 71, 12, 5, NULL, 'Chạy game mượt, rendering nhanh', 1, 1, 1, '2025-06-12 04:10:35', '2025-07-06 04:10:35'),
(1026, 71, 17, 5, NULL, 'Hiệu năng ổn định, phù hợp làm việc và giải trí', 1, 1, 1, '2025-07-03 04:10:35', '2025-06-21 04:10:35'),
(1027, 71, 16, 5, NULL, 'Màn hình đẹp, bàn phím gõ thoải mái', 1, 1, 1, '2025-06-11 04:10:35', '2025-06-26 04:10:35'),
(1028, 71, 33, 5, NULL, 'Hiệu năng ổn định, phù hợp làm việc và giải trí', 1, 1, 1, '2025-06-30 04:10:35', '2025-06-12 04:10:35'),
(1029, 71, 20, 5, NULL, 'Hiệu năng ổn định, phù hợp làm việc và giải trí', 1, 1, 1, '2025-07-04 04:10:35', '2025-07-07 04:10:35'),
(1030, 71, 7, 5, NULL, 'Màn hình đẹp, bàn phím gõ thoải mái', 1, 1, 1, '2025-06-15 04:10:35', '2025-07-04 04:10:35'),
(1031, 71, 15, 5, NULL, 'Laptop chạy mượt, cấu hình tốt, thiết kế đẹp', 1, 1, 1, '2025-06-27 04:10:35', '2025-07-02 04:10:35'),
(1032, 71, 24, 5, NULL, 'Laptop chạy mượt, cấu hình tốt, thiết kế đẹp', 1, 1, 1, '2025-06-25 04:10:35', '2025-06-25 04:10:35'),
(1033, 71, 49, 5, NULL, 'Màn hình đẹp, bàn phím gõ thoải mái', 1, 1, 1, '2025-06-19 04:10:35', '2025-07-08 04:10:35'),
(1034, 71, 34, 5, NULL, 'Chạy game mượt, rendering nhanh', 1, 1, 1, '2025-06-30 04:10:35', '2025-06-15 04:10:35'),
(1035, 71, 13, 5, NULL, 'Chạy game mượt, rendering nhanh', 1, 1, 1, '2025-06-27 04:10:35', '2025-07-04 04:10:35'),
(1036, 71, 43, 5, NULL, 'Laptop chạy mượt, cấu hình tốt, thiết kế đẹp', 1, 1, 1, '2025-07-04 04:10:35', '2025-07-01 04:10:35'),
(1037, 71, 37, 5, NULL, 'Laptop chạy mượt, cấu hình tốt, thiết kế đẹp', 1, 1, 1, '2025-07-02 04:10:35', '2025-06-13 04:10:35'),
(1038, 71, 11, 5, NULL, 'Màn hình đẹp, bàn phím gõ thoải mái', 1, 1, 1, '2025-07-02 04:10:35', '2025-06-16 04:10:35'),
(1039, 71, 51, 5, NULL, 'Hiệu năng ổn định, phù hợp làm việc và giải trí', 1, 1, 1, '2025-07-02 04:10:35', '2025-06-17 04:10:35'),
(1040, 71, 23, 5, NULL, 'Chạy game mượt, rendering nhanh', 1, 1, 1, '2025-06-21 04:10:35', '2025-06-28 04:10:35'),
(1041, 71, 18, 5, NULL, 'Hiệu năng ổn định, phù hợp làm việc và giải trí', 1, 1, 1, '2025-07-05 04:10:35', '2025-07-02 04:10:35'),
(1042, 71, 19, 5, NULL, 'Hiệu năng ổn định, phù hợp làm việc và giải trí', 1, 1, 1, '2025-07-08 04:10:35', '2025-06-24 04:10:35'),
(1043, 71, 1, 5, NULL, 'Chạy game mượt, rendering nhanh', 1, 1, 1, '2025-07-06 04:10:35', '2025-07-06 04:10:35'),
(1044, 71, 4, 5, NULL, 'Màn hình đẹp, bàn phím gõ thoải mái', 1, 1, 1, '2025-06-27 04:10:35', '2025-06-17 04:10:35'),
(1045, 71, 22, 5, NULL, 'Hiệu năng ổn định, phù hợp làm việc và giải trí', 1, 1, 1, '2025-06-30 04:10:35', '2025-06-25 04:10:35'),
(1046, 71, 30, 5, NULL, 'Màn hình đẹp, bàn phím gõ thoải mái', 1, 1, 1, '2025-06-12 04:10:35', '2025-06-30 04:10:35'),
(1047, 72, 11, 5, NULL, 'Laptop tốt trong tầm giá, đáng mua', 1, 1, 1, '2025-06-24 04:10:35', '2025-06-09 04:10:35'),
(1048, 72, 33, 5, NULL, 'Hiệu năng ổn định, phù hợp làm việc và giải trí', 1, 1, 1, '2025-06-29 04:10:35', '2025-06-27 04:10:35'),
(1049, 72, 24, 5, NULL, 'Laptop tốt trong tầm giá, đáng mua', 1, 1, 1, '2025-06-20 04:10:35', '2025-06-22 04:10:35'),
(1050, 72, 28, 5, NULL, 'Laptop tốt trong tầm giá, đáng mua', 1, 1, 1, '2025-06-29 04:10:35', '2025-06-11 04:10:35'),
(1051, 72, 37, 5, NULL, 'Màn hình đẹp, bàn phím gõ thoải mái', 1, 1, 1, '2025-06-22 04:10:35', '2025-07-07 04:10:35'),
(1052, 72, 18, 5, NULL, 'Màn hình đẹp, bàn phím gõ thoải mái', 1, 1, 1, '2025-06-29 04:10:35', '2025-07-05 04:10:35'),
(1053, 72, 49, 5, NULL, 'Laptop chạy mượt, cấu hình tốt, thiết kế đẹp', 1, 1, 1, '2025-06-20 04:10:35', '2025-06-28 04:10:35'),
(1054, 72, 8, 5, NULL, 'Màn hình đẹp, bàn phím gõ thoải mái', 1, 1, 1, '2025-07-01 04:10:35', '2025-06-28 04:10:35'),
(1055, 72, 36, 5, NULL, 'Laptop chạy mượt, cấu hình tốt, thiết kế đẹp', 1, 1, 1, '2025-07-08 04:10:35', '2025-06-18 04:10:35'),
(1056, 72, 17, 5, NULL, 'Chạy game mượt, rendering nhanh', 1, 1, 1, '2025-06-16 04:10:35', '2025-06-19 04:10:35'),
(1057, 72, 39, 5, NULL, 'Chạy game mượt, rendering nhanh', 1, 1, 1, '2025-07-02 04:10:35', '2025-07-07 04:10:35'),
(1058, 72, 1, 5, NULL, 'Chạy game mượt, rendering nhanh', 1, 1, 1, '2025-06-28 04:10:35', '2025-07-02 04:10:35'),
(1059, 72, 43, 5, NULL, 'Laptop chạy mượt, cấu hình tốt, thiết kế đẹp', 1, 1, 1, '2025-06-14 04:10:35', '2025-06-29 04:10:35'),
(1060, 72, 12, 5, NULL, 'Màn hình đẹp, bàn phím gõ thoải mái', 1, 1, 1, '2025-06-12 04:10:35', '2025-07-08 04:10:35'),
(1061, 72, 46, 5, NULL, 'Hiệu năng ổn định, phù hợp làm việc và giải trí', 1, 1, 1, '2025-06-11 04:10:35', '2025-06-15 04:10:35'),
(1062, 72, 27, 5, NULL, 'Màn hình đẹp, bàn phím gõ thoải mái', 1, 1, 1, '2025-06-28 04:10:35', '2025-06-28 04:10:35'),
(1063, 72, 50, 5, NULL, 'Laptop chạy mượt, cấu hình tốt, thiết kế đẹp', 1, 1, 1, '2025-06-11 04:10:35', '2025-06-18 04:10:35'),
(1064, 72, 31, 5, NULL, 'Chạy game mượt, rendering nhanh', 1, 1, 1, '2025-06-14 04:10:35', '2025-06-11 04:10:35'),
(1065, 72, 41, 5, NULL, 'Laptop tốt trong tầm giá, đáng mua', 1, 1, 1, '2025-06-27 04:10:35', '2025-06-30 04:10:35'),
(1066, 72, 34, 5, NULL, 'Chạy game mượt, rendering nhanh', 1, 1, 1, '2025-07-04 04:10:35', '2025-06-22 04:10:35'),
(1068, 72, 44, 5, NULL, 'Chạy game mượt, rendering nhanh', 1, 1, 1, '2025-06-10 04:10:35', '2025-06-24 04:10:35'),
(1069, 72, 42, 5, NULL, 'Chạy game mượt, rendering nhanh', 1, 1, 1, '2025-06-10 04:10:35', '2025-06-16 04:10:35'),
(1070, 72, 40, 5, NULL, 'Chạy game mượt, rendering nhanh', 1, 1, 1, '2025-06-22 04:10:35', '2025-06-26 04:10:35'),
(1071, 72, 38, 5, NULL, 'Màn hình đẹp, bàn phím gõ thoải mái', 1, 1, 1, '2025-06-22 04:10:35', '2025-06-19 04:10:35'),
(1072, 72, 14, 5, NULL, 'Hiệu năng ổn định, phù hợp làm việc và giải trí', 1, 1, 1, '2025-06-24 04:10:35', '2025-06-10 04:10:35'),
(1073, 72, 30, 5, NULL, 'Hiệu năng ổn định, phù hợp làm việc và giải trí', 1, 1, 1, '2025-06-09 04:10:35', '2025-07-06 04:10:35'),
(1074, 72, 29, 5, NULL, 'Hiệu năng ổn định, phù hợp làm việc và giải trí', 1, 1, 1, '2025-06-25 04:10:35', '2025-06-29 04:10:35'),
(1075, 72, 10, 5, NULL, 'Laptop chạy mượt, cấu hình tốt, thiết kế đẹp', 1, 1, 1, '2025-06-23 04:10:35', '2025-07-01 04:10:35'),
(1076, 72, 19, 5, NULL, 'Laptop chạy mượt, cấu hình tốt, thiết kế đẹp', 1, 1, 1, '2025-07-07 04:10:35', '2025-07-06 04:10:35'),
(1077, 72, 6, 5, NULL, 'Laptop tốt trong tầm giá, đáng mua', 1, 1, 1, '2025-06-22 04:10:35', '2025-07-07 04:10:35'),
(1078, 72, 23, 5, NULL, 'Màn hình đẹp, bàn phím gõ thoải mái', 1, 1, 1, '2025-06-13 04:10:35', '2025-06-12 04:10:35'),
(1079, 72, 20, 5, NULL, 'Laptop chạy mượt, cấu hình tốt, thiết kế đẹp', 1, 1, 1, '2025-06-17 04:10:35', '2025-06-20 04:10:35'),
(1080, 72, 26, 5, NULL, 'Hiệu năng ổn định, phù hợp làm việc và giải trí', 1, 1, 1, '2025-06-28 04:10:35', '2025-06-12 04:10:35'),
(1081, 72, 4, 5, NULL, 'Hiệu năng ổn định, phù hợp làm việc và giải trí', 1, 1, 1, '2025-06-26 04:10:35', '2025-06-18 04:10:35'),
(1082, 72, 13, 5, NULL, 'Laptop tốt trong tầm giá, đáng mua', 1, 1, 1, '2025-06-27 04:10:35', '2025-06-16 04:10:35'),
(1083, 72, 48, 5, NULL, 'Chạy game mượt, rendering nhanh', 1, 1, 1, '2025-06-18 04:10:35', '2025-06-22 04:10:35'),
(1084, 72, 32, 5, NULL, 'Laptop chạy mượt, cấu hình tốt, thiết kế đẹp', 1, 1, 1, '2025-06-19 04:10:36', '2025-07-07 04:10:36'),
(1085, 72, 45, 5, NULL, 'Chạy game mượt, rendering nhanh', 1, 1, 1, '2025-06-21 04:10:36', '2025-06-26 04:10:36'),
(1086, 72, 15, 5, NULL, 'Màn hình đẹp, bàn phím gõ thoải mái', 1, 1, 1, '2025-06-09 04:10:36', '2025-06-15 04:10:36'),
(1087, 72, 35, 5, NULL, 'Chạy game mượt, rendering nhanh', 1, 1, 1, '2025-06-22 04:10:36', '2025-06-22 04:10:36'),
(1088, 72, 51, 5, NULL, 'Chạy game mượt, rendering nhanh', 1, 1, 1, '2025-07-07 04:10:36', '2025-06-22 04:10:36'),
(1089, 72, 7, 5, NULL, 'Màn hình đẹp, bàn phím gõ thoải mái', 1, 1, 1, '2025-06-29 04:10:36', '2025-06-28 04:10:36'),
(1090, 72, 16, 5, NULL, 'Chạy game mượt, rendering nhanh', 1, 1, 1, '2025-07-05 04:10:36', '2025-06-12 04:10:36'),
(1091, 72, 22, 5, NULL, 'Laptop chạy mượt, cấu hình tốt, thiết kế đẹp', 1, 1, 1, '2025-06-15 04:10:36', '2025-06-13 04:10:36'),
(1092, 72, 5, 5, NULL, 'Hiệu năng ổn định, phù hợp làm việc và giải trí', 1, 1, 1, '2025-06-28 04:10:36', '2025-06-28 04:10:36'),
(1093, 72, 47, 5, NULL, 'Laptop tốt trong tầm giá, đáng mua', 1, 1, 1, '2025-06-17 04:10:36', '2025-06-27 04:10:36'),
(1094, 72, 9, 5, NULL, 'Laptop chạy mượt, cấu hình tốt, thiết kế đẹp', 1, 1, 1, '2025-06-11 04:10:36', '2025-06-17 04:10:36'),
(1095, 72, 25, 5, NULL, 'Chạy game mượt, rendering nhanh', 1, 1, 1, '2025-06-14 04:10:36', '2025-06-16 04:10:36'),
(1096, 72, 21, 5, NULL, 'Chạy game mượt, rendering nhanh', 1, 1, 1, '2025-06-19 04:10:36', '2025-06-28 04:10:36'),
(1097, 73, 39, 5, NULL, 'Laptop chạy mượt, cấu hình tốt, thiết kế đẹp', 1, 1, 1, '2025-06-30 04:10:36', '2025-06-21 04:10:36'),
(1098, 73, 30, 5, NULL, 'Màn hình đẹp, bàn phím gõ thoải mái', 1, 1, 1, '2025-06-25 04:10:36', '2025-06-19 04:10:36'),
(1099, 73, 9, 5, NULL, 'Hiệu năng ổn định, phù hợp làm việc và giải trí', 1, 1, 1, '2025-06-13 04:10:36', '2025-06-30 04:10:36'),
(1100, 73, 20, 5, NULL, 'Laptop chạy mượt, cấu hình tốt, thiết kế đẹp', 1, 1, 1, '2025-07-04 04:10:36', '2025-06-24 04:10:36'),
(1101, 73, 19, 5, NULL, 'Laptop tốt trong tầm giá, đáng mua', 1, 1, 1, '2025-06-10 04:10:36', '2025-07-04 04:10:36'),
(1102, 73, 32, 5, NULL, 'Laptop chạy mượt, cấu hình tốt, thiết kế đẹp', 1, 1, 1, '2025-07-04 04:10:36', '2025-06-21 04:10:36'),
(1103, 73, 27, 5, NULL, 'Laptop chạy mượt, cấu hình tốt, thiết kế đẹp', 1, 1, 1, '2025-07-06 04:10:36', '2025-06-09 04:10:36'),
(1104, 73, 48, 5, NULL, 'Laptop tốt trong tầm giá, đáng mua', 1, 1, 1, '2025-06-22 04:10:36', '2025-06-27 04:10:36'),
(1105, 73, 23, 5, NULL, 'Laptop tốt trong tầm giá, đáng mua', 1, 1, 1, '2025-07-05 04:10:36', '2025-06-15 04:10:36'),
(1106, 73, 47, 5, NULL, 'Laptop tốt trong tầm giá, đáng mua', 1, 1, 1, '2025-06-28 04:10:36', '2025-06-09 04:10:36'),
(1107, 73, 15, 5, NULL, 'Laptop tốt trong tầm giá, đáng mua', 1, 1, 1, '2025-06-13 04:10:36', '2025-06-21 04:10:36'),
(1108, 73, 10, 5, NULL, 'Laptop chạy mượt, cấu hình tốt, thiết kế đẹp', 1, 1, 1, '2025-06-12 04:10:36', '2025-06-26 04:10:36'),
(1109, 73, 13, 5, NULL, 'Chạy game mượt, rendering nhanh', 1, 1, 1, '2025-07-06 04:10:36', '2025-06-12 04:10:36'),
(1110, 73, 44, 5, NULL, 'Chạy game mượt, rendering nhanh', 1, 1, 1, '2025-06-10 04:10:36', '2025-06-26 04:10:36'),
(1111, 73, 36, 5, NULL, 'Hiệu năng ổn định, phù hợp làm việc và giải trí', 1, 1, 1, '2025-06-21 04:10:36', '2025-06-25 04:10:36'),
(1112, 73, 43, 5, NULL, 'Laptop tốt trong tầm giá, đáng mua', 1, 1, 1, '2025-07-01 04:10:36', '2025-07-07 04:10:36'),
(1113, 73, 25, 5, NULL, 'Laptop tốt trong tầm giá, đáng mua', 1, 1, 1, '2025-06-11 04:10:36', '2025-06-14 04:10:36'),
(1114, 73, 29, 5, NULL, 'Laptop chạy mượt, cấu hình tốt, thiết kế đẹp', 1, 1, 1, '2025-06-12 04:10:36', '2025-06-14 04:10:36'),
(1115, 73, 16, 5, NULL, 'Laptop tốt trong tầm giá, đáng mua', 1, 1, 1, '2025-07-08 04:10:36', '2025-07-07 04:10:36'),
(1116, 73, 6, 5, NULL, 'Màn hình đẹp, bàn phím gõ thoải mái', 1, 1, 1, '2025-06-17 04:10:36', '2025-07-03 04:10:36'),
(1117, 73, 4, 5, NULL, 'Laptop tốt trong tầm giá, đáng mua', 1, 1, 1, '2025-06-30 04:10:36', '2025-07-03 04:10:36'),
(1118, 73, 12, 5, NULL, 'Laptop chạy mượt, cấu hình tốt, thiết kế đẹp', 1, 1, 1, '2025-06-20 04:10:36', '2025-07-02 04:10:36'),
(1119, 73, 22, 5, NULL, 'Laptop tốt trong tầm giá, đáng mua', 1, 1, 1, '2025-07-03 04:10:36', '2025-06-26 04:10:36'),
(1120, 73, 50, 5, NULL, 'Chạy game mượt, rendering nhanh', 1, 1, 1, '2025-06-10 04:10:36', '2025-06-26 04:10:36'),
(1121, 73, 7, 5, NULL, 'Màn hình đẹp, bàn phím gõ thoải mái', 1, 1, 1, '2025-06-14 04:10:36', '2025-07-08 04:10:36'),
(1122, 73, 21, 5, NULL, 'Laptop chạy mượt, cấu hình tốt, thiết kế đẹp', 1, 1, 1, '2025-07-04 04:10:36', '2025-06-23 04:10:36'),
(1123, 73, 26, 5, NULL, 'Màn hình đẹp, bàn phím gõ thoải mái', 1, 1, 1, '2025-06-27 04:10:36', '2025-07-01 04:10:36'),
(1124, 73, 11, 5, NULL, 'Laptop chạy mượt, cấu hình tốt, thiết kế đẹp', 1, 1, 1, '2025-06-16 04:10:36', '2025-07-04 04:10:36'),
(1126, 73, 40, 5, NULL, 'Laptop chạy mượt, cấu hình tốt, thiết kế đẹp', 1, 1, 1, '2025-06-16 04:10:36', '2025-06-26 04:10:36'),
(1127, 73, 35, 5, NULL, 'Màn hình đẹp, bàn phím gõ thoải mái', 1, 1, 1, '2025-06-10 04:10:36', '2025-06-18 04:10:36'),
(1128, 73, 1, 5, NULL, 'Chạy game mượt, rendering nhanh', 1, 1, 1, '2025-06-14 04:10:36', '2025-06-15 04:10:36'),
(1129, 73, 17, 5, NULL, 'Hiệu năng ổn định, phù hợp làm việc và giải trí', 1, 1, 1, '2025-06-20 04:10:36', '2025-07-08 04:10:36'),
(1130, 73, 5, 5, NULL, 'Laptop tốt trong tầm giá, đáng mua', 1, 1, 1, '2025-07-08 04:10:36', '2025-06-18 04:10:36'),
(1131, 73, 42, 5, NULL, 'Laptop chạy mượt, cấu hình tốt, thiết kế đẹp', 1, 1, 1, '2025-07-07 04:10:36', '2025-06-16 04:10:36'),
(1132, 73, 18, 5, NULL, 'Laptop tốt trong tầm giá, đáng mua', 1, 1, 1, '2025-06-19 04:10:36', '2025-06-25 04:10:36'),
(1133, 73, 51, 5, NULL, 'Hiệu năng ổn định, phù hợp làm việc và giải trí', 1, 1, 1, '2025-06-19 04:10:36', '2025-06-28 04:10:36'),
(1134, 73, 33, 5, NULL, 'Laptop tốt trong tầm giá, đáng mua', 1, 1, 1, '2025-07-01 04:10:36', '2025-06-18 04:10:36'),
(1135, 73, 8, 5, NULL, 'Laptop chạy mượt, cấu hình tốt, thiết kế đẹp', 1, 1, 1, '2025-06-09 04:10:36', '2025-06-13 04:10:36'),
(1136, 73, 46, 5, NULL, 'Chạy game mượt, rendering nhanh', 1, 1, 1, '2025-06-11 04:10:36', '2025-07-04 04:10:36'),
(1137, 73, 38, 5, NULL, 'Laptop tốt trong tầm giá, đáng mua', 1, 1, 1, '2025-06-21 04:10:36', '2025-06-11 04:10:36'),
(1138, 73, 45, 5, NULL, 'Màn hình đẹp, bàn phím gõ thoải mái', 1, 1, 1, '2025-07-06 04:10:36', '2025-06-24 04:10:36'),
(1139, 73, 28, 5, NULL, 'Laptop tốt trong tầm giá, đáng mua', 1, 1, 1, '2025-06-17 04:10:36', '2025-06-19 04:10:36'),
(1140, 73, 34, 5, NULL, 'Hiệu năng ổn định, phù hợp làm việc và giải trí', 1, 1, 1, '2025-06-19 04:10:36', '2025-07-07 04:10:36'),
(1141, 73, 41, 5, NULL, 'Laptop tốt trong tầm giá, đáng mua', 1, 1, 1, '2025-06-26 04:10:36', '2025-06-27 04:10:36'),
(1142, 73, 24, 5, NULL, 'Laptop chạy mượt, cấu hình tốt, thiết kế đẹp', 1, 1, 1, '2025-06-27 04:10:36', '2025-06-20 04:10:36'),
(1143, 73, 31, 5, NULL, 'Laptop chạy mượt, cấu hình tốt, thiết kế đẹp', 1, 1, 1, '2025-07-05 04:10:36', '2025-06-28 04:10:36'),
(1144, 73, 49, 5, NULL, 'Chạy game mượt, rendering nhanh', 1, 1, 1, '2025-06-13 04:10:36', '2025-07-03 04:10:36'),
(1145, 73, 37, 5, NULL, 'Chạy game mượt, rendering nhanh', 1, 1, 1, '2025-06-19 04:10:36', '2025-07-08 04:10:36'),
(1146, 73, 14, 5, NULL, 'Hiệu năng ổn định, phù hợp làm việc và giải trí', 1, 1, 1, '2025-06-19 04:10:36', '2025-06-22 04:10:36'),
(1147, 74, 31, 5, NULL, 'Size vừa vặn, chất lượng tốt, giá hợp lý', 1, 1, 1, '2025-06-14 04:10:36', '2025-06-11 04:10:36'),
(1148, 74, 17, 5, NULL, 'Đóng gói cẩn thận, giao hàng nhanh', 1, 1, 1, '2025-06-21 04:10:36', '2025-06-14 04:10:36'),
(1149, 74, 8, 5, NULL, 'Form đẹp, mặc vừa vặn, chất vải mềm mịn', 1, 1, 1, '2025-06-29 04:10:36', '2025-06-12 04:10:36'),
(1150, 74, 5, 5, NULL, 'Đóng gói cẩn thận, giao hàng nhanh', 1, 1, 1, '2025-06-24 04:10:36', '2025-06-30 04:10:36'),
(1151, 74, 43, 5, NULL, 'Đóng gói cẩn thận, giao hàng nhanh', 1, 1, 1, '2025-06-28 04:10:36', '2025-06-26 04:10:36'),
(1152, 74, 40, 5, NULL, 'Chất liệu tốt, thiết kế đẹp, sẽ mua thêm', 1, 1, 1, '2025-06-23 04:10:36', '2025-06-13 04:10:36'),
(1153, 74, 12, 5, NULL, 'Form đẹp, mặc vừa vặn, chất vải mềm mịn', 1, 1, 1, '2025-06-13 04:10:36', '2025-07-08 04:10:36'),
(1154, 74, 39, 5, NULL, 'Form đẹp, mặc vừa vặn, chất vải mềm mịn', 1, 1, 1, '2025-06-20 04:10:36', '2025-06-28 04:10:36'),
(1155, 74, 16, 5, NULL, 'Form đẹp, mặc vừa vặn, chất vải mềm mịn', 1, 1, 1, '2025-06-17 04:10:36', '2025-06-22 04:10:36'),
(1156, 74, 20, 5, NULL, 'Form đẹp, mặc vừa vặn, chất vải mềm mịn', 1, 1, 1, '2025-06-18 04:10:36', '2025-06-11 04:10:36'),
(1157, 74, 33, 5, NULL, 'Đóng gói cẩn thận, giao hàng nhanh', 1, 1, 1, '2025-06-19 04:10:36', '2025-06-09 04:10:36'),
(1158, 74, 14, 5, NULL, 'Chất liệu tốt, thiết kế đẹp, sẽ mua thêm', 1, 1, 1, '2025-06-16 04:10:36', '2025-06-14 04:10:36'),
(1159, 74, 24, 5, NULL, 'Form đẹp, mặc vừa vặn, chất vải mềm mịn', 1, 1, 1, '2025-06-17 04:10:36', '2025-07-02 04:10:36'),
(1160, 74, 51, 5, NULL, 'Chất liệu tốt, thiết kế đẹp, sẽ mua thêm', 1, 1, 1, '2025-07-06 04:10:36', '2025-07-06 04:10:36'),
(1161, 74, 44, 5, NULL, 'Size vừa vặn, chất lượng tốt, giá hợp lý', 1, 1, 1, '2025-06-28 04:10:36', '2025-07-03 04:10:36'),
(1162, 74, 49, 5, NULL, 'Áo đẹp, chất vải thoáng mát, form chuẩn', 1, 1, 1, '2025-07-01 04:10:36', '2025-06-23 04:10:36'),
(1163, 74, 45, 5, NULL, 'Áo đẹp, chất vải thoáng mát, form chuẩn', 1, 1, 1, '2025-07-03 04:10:36', '2025-06-17 04:10:36'),
(1164, 74, 4, 5, NULL, 'Form đẹp, mặc vừa vặn, chất vải mềm mịn', 1, 1, 1, '2025-06-29 04:10:36', '2025-07-07 04:10:36'),
(1165, 74, 7, 5, NULL, 'Đóng gói cẩn thận, giao hàng nhanh', 1, 1, 1, '2025-06-30 04:10:36', '2025-06-16 04:10:36'),
(1166, 74, 36, 5, NULL, 'Size vừa vặn, chất lượng tốt, giá hợp lý', 1, 1, 1, '2025-07-02 04:10:36', '2025-06-25 04:10:36'),
(1167, 74, 9, 5, NULL, 'Áo đẹp, chất vải thoáng mát, form chuẩn', 1, 1, 1, '2025-06-28 04:10:36', '2025-07-06 04:10:36'),
(1169, 74, 25, 5, NULL, 'Đóng gói cẩn thận, giao hàng nhanh', 1, 1, 1, '2025-06-27 04:10:36', '2025-06-21 04:10:36'),
(1170, 74, 29, 5, NULL, 'Chất liệu tốt, thiết kế đẹp, sẽ mua thêm', 1, 1, 1, '2025-06-27 04:10:36', '2025-06-30 04:10:36'),
(1171, 74, 26, 5, NULL, 'Đóng gói cẩn thận, giao hàng nhanh', 1, 1, 1, '2025-07-01 04:10:36', '2025-07-04 04:10:36'),
(1172, 74, 30, 5, NULL, 'Chất liệu tốt, thiết kế đẹp, sẽ mua thêm', 1, 1, 1, '2025-06-23 04:10:36', '2025-07-06 04:10:36'),
(1173, 74, 15, 5, NULL, 'Chất liệu tốt, thiết kế đẹp, sẽ mua thêm', 1, 1, 1, '2025-06-19 04:10:36', '2025-06-30 04:10:36'),
(1174, 74, 38, 5, NULL, 'Áo đẹp, chất vải thoáng mát, form chuẩn', 1, 1, 1, '2025-06-25 04:10:36', '2025-06-17 04:10:36'),
(1175, 74, 47, 5, NULL, 'Đóng gói cẩn thận, giao hàng nhanh', 1, 1, 1, '2025-06-26 04:10:36', '2025-06-27 04:10:36'),
(1176, 74, 28, 5, NULL, 'Chất liệu tốt, thiết kế đẹp, sẽ mua thêm', 1, 1, 1, '2025-06-09 04:10:36', '2025-06-27 04:10:36'),
(1177, 74, 50, 5, NULL, 'Form đẹp, mặc vừa vặn, chất vải mềm mịn', 1, 1, 1, '2025-06-15 04:10:36', '2025-06-26 04:10:36'),
(1178, 74, 35, 5, NULL, 'Áo đẹp, chất vải thoáng mát, form chuẩn', 1, 1, 1, '2025-06-27 04:10:36', '2025-06-21 04:10:36'),
(1179, 74, 42, 5, NULL, 'Áo đẹp, chất vải thoáng mát, form chuẩn', 1, 1, 1, '2025-06-23 04:10:36', '2025-06-16 04:10:36'),
(1180, 74, 37, 5, NULL, 'Áo đẹp, chất vải thoáng mát, form chuẩn', 1, 1, 1, '2025-06-13 04:10:36', '2025-06-15 04:10:36'),
(1181, 74, 13, 5, NULL, 'Size vừa vặn, chất lượng tốt, giá hợp lý', 1, 1, 1, '2025-06-21 04:10:36', '2025-06-16 04:10:36'),
(1182, 74, 18, 5, NULL, 'Form đẹp, mặc vừa vặn, chất vải mềm mịn', 1, 1, 1, '2025-06-16 04:10:36', '2025-06-16 04:10:36'),
(1183, 74, 46, 5, NULL, 'Chất liệu tốt, thiết kế đẹp, sẽ mua thêm', 1, 1, 1, '2025-06-22 04:10:36', '2025-07-07 04:10:36'),
(1184, 74, 1, 5, NULL, 'Áo đẹp, chất vải thoáng mát, form chuẩn', 1, 1, 1, '2025-07-04 04:10:36', '2025-06-17 04:10:36'),
(1185, 74, 11, 5, NULL, 'Chất liệu tốt, thiết kế đẹp, sẽ mua thêm', 1, 1, 1, '2025-06-09 04:10:36', '2025-07-06 04:10:36'),
(1186, 74, 23, 5, NULL, 'Áo đẹp, chất vải thoáng mát, form chuẩn', 1, 1, 1, '2025-06-19 04:10:36', '2025-06-27 04:10:36'),
(1187, 74, 19, 5, NULL, 'Đóng gói cẩn thận, giao hàng nhanh', 1, 1, 1, '2025-07-03 04:10:36', '2025-06-14 04:10:36'),
(1188, 74, 27, 5, NULL, 'Chất liệu tốt, thiết kế đẹp, sẽ mua thêm', 1, 1, 1, '2025-07-07 04:10:36', '2025-06-14 04:10:36'),
(1189, 74, 32, 5, NULL, 'Chất liệu tốt, thiết kế đẹp, sẽ mua thêm', 1, 1, 1, '2025-07-05 04:10:36', '2025-06-29 04:10:36'),
(1190, 74, 6, 5, NULL, 'Size vừa vặn, chất lượng tốt, giá hợp lý', 1, 1, 1, '2025-06-17 04:10:36', '2025-06-11 04:10:36'),
(1191, 74, 41, 5, NULL, 'Chất liệu tốt, thiết kế đẹp, sẽ mua thêm', 1, 1, 1, '2025-06-29 04:10:36', '2025-06-28 04:10:36'),
(1192, 74, 22, 5, NULL, 'Size vừa vặn, chất lượng tốt, giá hợp lý', 1, 1, 1, '2025-06-21 04:10:36', '2025-06-17 04:10:36'),
(1193, 74, 48, 5, NULL, 'Form đẹp, mặc vừa vặn, chất vải mềm mịn', 1, 1, 1, '2025-06-10 04:10:36', '2025-06-10 04:10:36'),
(1194, 74, 34, 5, NULL, 'Đóng gói cẩn thận, giao hàng nhanh', 1, 1, 1, '2025-07-07 04:10:36', '2025-07-08 04:10:36'),
(1195, 74, 21, 5, NULL, 'Chất liệu tốt, thiết kế đẹp, sẽ mua thêm', 1, 1, 1, '2025-07-02 04:10:36', '2025-06-15 04:10:36'),
(1196, 74, 10, 5, NULL, 'Đóng gói cẩn thận, giao hàng nhanh', 1, 1, 1, '2025-06-22 04:10:36', '2025-07-01 04:10:36'),
(1197, 75, 34, 5, NULL, 'Size vừa vặn, chất lượng tốt, giá hợp lý', 1, 1, 1, '2025-06-29 04:10:36', '2025-06-13 04:10:36'),
(1198, 75, 16, 5, NULL, 'Form đẹp, mặc vừa vặn, chất vải mềm mịn', 1, 1, 1, '2025-06-11 04:10:36', '2025-06-16 04:10:36'),
(1199, 75, 46, 5, NULL, 'Đóng gói cẩn thận, giao hàng nhanh', 1, 1, 1, '2025-06-30 04:10:37', '2025-07-08 04:10:37'),
(1200, 75, 29, 5, NULL, 'Form đẹp, mặc vừa vặn, chất vải mềm mịn', 1, 1, 1, '2025-06-15 04:10:37', '2025-06-13 04:10:37'),
(1201, 75, 4, 5, NULL, 'Áo đẹp, chất vải thoáng mát, form chuẩn', 1, 1, 1, '2025-07-06 04:10:37', '2025-07-04 04:10:37'),
(1202, 75, 41, 5, NULL, 'Form đẹp, mặc vừa vặn, chất vải mềm mịn', 1, 1, 1, '2025-07-04 04:10:37', '2025-07-01 04:10:37'),
(1203, 75, 9, 5, NULL, 'Áo đẹp, chất vải thoáng mát, form chuẩn', 1, 1, 1, '2025-06-25 04:10:37', '2025-07-02 04:10:37'),
(1204, 75, 10, 5, NULL, 'Áo đẹp, chất vải thoáng mát, form chuẩn', 1, 1, 1, '2025-06-15 04:10:37', '2025-06-27 04:10:37'),
(1205, 75, 5, 5, NULL, 'Đóng gói cẩn thận, giao hàng nhanh', 1, 1, 1, '2025-06-22 04:10:37', '2025-07-06 04:10:37'),
(1206, 75, 23, 5, NULL, 'Size vừa vặn, chất lượng tốt, giá hợp lý', 1, 1, 1, '2025-06-25 04:10:37', '2025-06-16 04:10:37'),
(1207, 75, 31, 5, NULL, 'Đóng gói cẩn thận, giao hàng nhanh', 1, 1, 1, '2025-06-15 04:10:37', '2025-06-23 04:10:37'),
(1208, 75, 21, 5, NULL, 'Form đẹp, mặc vừa vặn, chất vải mềm mịn', 1, 1, 1, '2025-06-16 04:10:37', '2025-06-14 04:10:37'),
(1209, 75, 24, 5, NULL, 'Đóng gói cẩn thận, giao hàng nhanh', 1, 1, 1, '2025-06-12 04:10:37', '2025-06-18 04:10:37'),
(1210, 75, 51, 5, NULL, 'Chất liệu tốt, thiết kế đẹp, sẽ mua thêm', 1, 1, 1, '2025-06-23 04:10:37', '2025-06-26 04:10:37'),
(1211, 75, 18, 5, NULL, 'Size vừa vặn, chất lượng tốt, giá hợp lý', 1, 1, 1, '2025-06-24 04:10:37', '2025-06-14 04:10:37'),
(1212, 75, 6, 5, NULL, 'Size vừa vặn, chất lượng tốt, giá hợp lý', 1, 1, 1, '2025-06-21 04:10:37', '2025-06-27 04:10:37'),
(1213, 75, 50, 5, NULL, 'Chất liệu tốt, thiết kế đẹp, sẽ mua thêm', 1, 1, 1, '2025-07-03 04:10:37', '2025-06-24 04:10:37'),
(1214, 75, 26, 5, NULL, 'Form đẹp, mặc vừa vặn, chất vải mềm mịn', 1, 1, 1, '2025-07-03 04:10:37', '2025-06-18 04:10:37'),
(1215, 75, 47, 5, NULL, 'Chất liệu tốt, thiết kế đẹp, sẽ mua thêm', 1, 1, 1, '2025-06-27 04:10:37', '2025-06-24 04:10:37'),
(1216, 75, 48, 5, NULL, 'Đóng gói cẩn thận, giao hàng nhanh', 1, 1, 1, '2025-06-15 04:10:37', '2025-06-12 04:10:37'),
(1217, 75, 36, 5, NULL, 'Áo đẹp, chất vải thoáng mát, form chuẩn', 1, 1, 1, '2025-06-10 04:10:37', '2025-07-07 04:10:37'),
(1218, 75, 12, 5, NULL, 'Size vừa vặn, chất lượng tốt, giá hợp lý', 1, 1, 1, '2025-06-14 04:10:37', '2025-06-19 04:10:37'),
(1219, 75, 19, 5, NULL, 'Chất liệu tốt, thiết kế đẹp, sẽ mua thêm', 1, 1, 1, '2025-07-04 04:10:37', '2025-06-29 04:10:37'),
(1220, 75, 33, 5, NULL, 'Size vừa vặn, chất lượng tốt, giá hợp lý', 1, 1, 1, '2025-06-15 04:10:37', '2025-07-05 04:10:37'),
(1221, 75, 45, 5, NULL, 'Form đẹp, mặc vừa vặn, chất vải mềm mịn', 1, 1, 1, '2025-06-24 04:10:37', '2025-06-30 04:10:37'),
(1222, 75, 22, 5, NULL, 'Đóng gói cẩn thận, giao hàng nhanh', 1, 1, 1, '2025-06-24 04:10:37', '2025-06-13 04:10:37'),
(1223, 75, 17, 5, NULL, 'Đóng gói cẩn thận, giao hàng nhanh', 1, 1, 1, '2025-06-26 04:10:37', '2025-07-03 04:10:37'),
(1224, 75, 27, 5, NULL, 'Chất liệu tốt, thiết kế đẹp, sẽ mua thêm', 1, 1, 1, '2025-07-04 04:10:37', '2025-06-12 04:10:37'),
(1225, 75, 1, 5, NULL, 'Đóng gói cẩn thận, giao hàng nhanh', 1, 1, 1, '2025-06-27 04:10:37', '2025-06-16 04:10:37'),
(1226, 75, 40, 5, NULL, 'Size vừa vặn, chất lượng tốt, giá hợp lý', 1, 1, 1, '2025-06-27 04:10:37', '2025-06-19 04:10:37'),
(1228, 75, 15, 5, NULL, 'Đóng gói cẩn thận, giao hàng nhanh', 1, 1, 1, '2025-07-05 04:10:37', '2025-06-30 04:10:37'),
(1229, 75, 13, 5, NULL, 'Size vừa vặn, chất lượng tốt, giá hợp lý', 1, 1, 1, '2025-07-07 04:10:37', '2025-06-10 04:10:37'),
(1230, 75, 11, 5, NULL, 'Size vừa vặn, chất lượng tốt, giá hợp lý', 1, 1, 1, '2025-06-09 04:10:37', '2025-06-22 04:10:37'),
(1231, 75, 14, 5, NULL, 'Áo đẹp, chất vải thoáng mát, form chuẩn', 1, 1, 1, '2025-07-08 04:10:37', '2025-07-03 04:10:37'),
(1232, 75, 35, 5, NULL, 'Đóng gói cẩn thận, giao hàng nhanh', 1, 1, 1, '2025-07-03 04:10:37', '2025-06-20 04:10:37'),
(1233, 75, 28, 5, NULL, 'Áo đẹp, chất vải thoáng mát, form chuẩn', 1, 1, 1, '2025-06-22 04:10:37', '2025-06-29 04:10:37'),
(1234, 75, 8, 5, NULL, 'Đóng gói cẩn thận, giao hàng nhanh', 1, 1, 1, '2025-06-24 04:10:37', '2025-07-07 04:10:37'),
(1235, 75, 32, 5, NULL, 'Áo đẹp, chất vải thoáng mát, form chuẩn', 1, 1, 1, '2025-07-05 04:10:37', '2025-07-04 04:10:37'),
(1236, 75, 25, 5, NULL, 'Size vừa vặn, chất lượng tốt, giá hợp lý', 1, 1, 1, '2025-07-02 04:10:37', '2025-07-06 04:10:37'),
(1237, 75, 30, 5, NULL, 'Chất liệu tốt, thiết kế đẹp, sẽ mua thêm', 1, 1, 1, '2025-06-26 04:10:37', '2025-07-08 04:10:37'),
(1238, 75, 20, 5, NULL, 'Áo đẹp, chất vải thoáng mát, form chuẩn', 1, 1, 1, '2025-06-15 04:10:37', '2025-06-14 04:10:37'),
(1239, 75, 39, 5, NULL, 'Đóng gói cẩn thận, giao hàng nhanh', 1, 1, 1, '2025-07-02 04:10:37', '2025-06-22 04:10:37'),
(1240, 75, 7, 5, NULL, 'Áo đẹp, chất vải thoáng mát, form chuẩn', 1, 1, 1, '2025-06-16 04:10:37', '2025-07-08 04:10:37'),
(1241, 75, 38, 5, NULL, 'Form đẹp, mặc vừa vặn, chất vải mềm mịn', 1, 1, 1, '2025-06-26 04:10:37', '2025-06-09 04:10:37'),
(1242, 75, 37, 5, NULL, 'Size vừa vặn, chất lượng tốt, giá hợp lý', 1, 1, 1, '2025-06-22 04:10:37', '2025-07-02 04:10:37'),
(1243, 75, 43, 5, NULL, 'Áo đẹp, chất vải thoáng mát, form chuẩn', 1, 1, 1, '2025-06-10 04:10:37', '2025-06-20 04:10:37'),
(1244, 75, 44, 5, NULL, 'Chất liệu tốt, thiết kế đẹp, sẽ mua thêm', 1, 1, 1, '2025-06-13 04:10:37', '2025-07-01 04:10:37'),
(1245, 75, 42, 5, NULL, 'Form đẹp, mặc vừa vặn, chất vải mềm mịn', 1, 1, 1, '2025-06-14 04:10:37', '2025-06-28 04:10:37'),
(1246, 75, 49, 5, NULL, 'Size vừa vặn, chất lượng tốt, giá hợp lý', 1, 1, 1, '2025-06-21 04:10:37', '2025-06-17 04:10:37'),
(1247, 76, 41, 5, NULL, 'Size vừa vặn, chất lượng tốt, giá hợp lý', 1, 1, 1, '2025-07-05 04:10:37', '2025-06-24 04:10:37'),
(1248, 76, 33, 5, NULL, 'Chất liệu tốt, thiết kế đẹp, sẽ mua thêm', 1, 1, 1, '2025-06-28 04:10:37', '2025-06-13 04:10:37'),
(1249, 76, 22, 5, NULL, 'Chất liệu tốt, thiết kế đẹp, sẽ mua thêm', 1, 1, 1, '2025-07-04 04:10:37', '2025-06-19 04:10:37'),
(1250, 76, 45, 5, NULL, 'Áo đẹp, chất vải thoáng mát, form chuẩn', 1, 1, 1, '2025-06-10 04:10:37', '2025-06-25 04:10:37'),
(1251, 76, 39, 5, NULL, 'Chất liệu tốt, thiết kế đẹp, sẽ mua thêm', 1, 1, 1, '2025-07-04 04:10:37', '2025-06-23 04:10:37'),
(1252, 76, 43, 5, NULL, 'Áo đẹp, chất vải thoáng mát, form chuẩn', 1, 1, 1, '2025-06-14 04:10:37', '2025-07-06 04:10:37'),
(1253, 76, 16, 5, NULL, 'Size vừa vặn, chất lượng tốt, giá hợp lý', 1, 1, 1, '2025-06-25 04:10:37', '2025-06-21 04:10:37'),
(1254, 76, 7, 5, NULL, 'Chất liệu tốt, thiết kế đẹp, sẽ mua thêm', 1, 1, 1, '2025-07-01 04:10:37', '2025-06-11 04:10:37'),
(1255, 76, 32, 5, NULL, 'Áo đẹp, chất vải thoáng mát, form chuẩn', 1, 1, 1, '2025-06-11 04:10:37', '2025-06-22 04:10:37'),
(1256, 76, 40, 5, NULL, 'Form đẹp, mặc vừa vặn, chất vải mềm mịn', 1, 1, 1, '2025-06-29 04:10:37', '2025-06-10 04:10:37'),
(1257, 76, 6, 5, NULL, 'Áo đẹp, chất vải thoáng mát, form chuẩn', 1, 1, 1, '2025-07-01 04:10:37', '2025-06-11 04:10:37'),
(1258, 76, 50, 5, NULL, 'Đóng gói cẩn thận, giao hàng nhanh', 1, 1, 1, '2025-06-30 04:10:37', '2025-06-16 04:10:37'),
(1259, 76, 11, 5, NULL, 'Form đẹp, mặc vừa vặn, chất vải mềm mịn', 1, 1, 1, '2025-06-14 04:10:37', '2025-07-01 04:10:37'),
(1260, 76, 26, 5, NULL, 'Size vừa vặn, chất lượng tốt, giá hợp lý', 1, 1, 1, '2025-06-11 04:10:37', '2025-06-30 04:10:37'),
(1261, 76, 9, 5, NULL, 'Đóng gói cẩn thận, giao hàng nhanh', 1, 1, 1, '2025-07-06 04:10:37', '2025-06-29 04:10:37'),
(1262, 76, 44, 5, NULL, 'Đóng gói cẩn thận, giao hàng nhanh', 1, 1, 1, '2025-06-26 04:10:37', '2025-06-13 04:10:37'),
(1263, 76, 8, 5, NULL, 'Đóng gói cẩn thận, giao hàng nhanh', 1, 1, 1, '2025-07-03 04:10:37', '2025-06-21 04:10:37'),
(1264, 76, 10, 5, NULL, 'Đóng gói cẩn thận, giao hàng nhanh', 1, 1, 1, '2025-06-22 04:10:37', '2025-06-17 04:10:37'),
(1265, 76, 31, 5, NULL, 'Chất liệu tốt, thiết kế đẹp, sẽ mua thêm', 1, 1, 1, '2025-07-05 04:10:37', '2025-06-15 04:10:37'),
(1266, 76, 20, 5, NULL, 'Chất liệu tốt, thiết kế đẹp, sẽ mua thêm', 1, 1, 1, '2025-06-28 04:10:37', '2025-07-02 04:10:37'),
(1267, 76, 25, 5, NULL, 'Size vừa vặn, chất lượng tốt, giá hợp lý', 1, 1, 1, '2025-06-24 04:10:37', '2025-06-15 04:10:37'),
(1268, 76, 37, 5, NULL, 'Chất liệu tốt, thiết kế đẹp, sẽ mua thêm', 1, 1, 1, '2025-06-24 04:10:37', '2025-07-01 04:10:37'),
(1269, 76, 51, 5, NULL, 'Form đẹp, mặc vừa vặn, chất vải mềm mịn', 1, 1, 1, '2025-06-20 04:10:37', '2025-07-04 04:10:37'),
(1270, 76, 48, 5, NULL, 'Form đẹp, mặc vừa vặn, chất vải mềm mịn', 1, 1, 1, '2025-06-19 04:10:37', '2025-06-28 04:10:37'),
(1271, 76, 17, 5, NULL, 'Form đẹp, mặc vừa vặn, chất vải mềm mịn', 1, 1, 1, '2025-06-21 04:10:37', '2025-07-03 04:10:37'),
(1273, 76, 47, 5, NULL, 'Chất liệu tốt, thiết kế đẹp, sẽ mua thêm', 1, 1, 1, '2025-07-04 04:10:37', '2025-06-22 04:10:37'),
(1274, 76, 15, 5, NULL, 'Đóng gói cẩn thận, giao hàng nhanh', 1, 1, 1, '2025-06-13 04:10:37', '2025-06-12 04:10:37'),
(1275, 76, 42, 5, NULL, 'Size vừa vặn, chất lượng tốt, giá hợp lý', 1, 1, 1, '2025-06-16 04:10:37', '2025-06-12 04:10:37'),
(1276, 76, 35, 5, NULL, 'Size vừa vặn, chất lượng tốt, giá hợp lý', 1, 1, 1, '2025-07-03 04:10:37', '2025-06-24 04:10:37'),
(1277, 76, 4, 5, NULL, 'Đóng gói cẩn thận, giao hàng nhanh', 1, 1, 1, '2025-06-11 04:10:37', '2025-07-05 04:10:37'),
(1278, 76, 24, 5, NULL, 'Form đẹp, mặc vừa vặn, chất vải mềm mịn', 1, 1, 1, '2025-06-16 04:10:37', '2025-06-19 04:10:37'),
(1279, 76, 12, 5, NULL, 'Form đẹp, mặc vừa vặn, chất vải mềm mịn', 1, 1, 1, '2025-06-20 04:10:37', '2025-06-21 04:10:37'),
(1280, 76, 5, 5, NULL, 'Size vừa vặn, chất lượng tốt, giá hợp lý', 1, 1, 1, '2025-07-03 04:10:37', '2025-07-08 04:10:37'),
(1282, 76, 13, 5, NULL, 'Size vừa vặn, chất lượng tốt, giá hợp lý', 1, 1, 1, '2025-06-30 04:10:37', '2025-07-03 04:10:37'),
(1283, 76, 46, 5, NULL, 'Form đẹp, mặc vừa vặn, chất vải mềm mịn', 1, 1, 1, '2025-06-22 04:10:37', '2025-06-24 04:10:37'),
(1284, 76, 49, 5, NULL, 'Chất liệu tốt, thiết kế đẹp, sẽ mua thêm', 1, 1, 1, '2025-06-23 04:10:37', '2025-06-24 04:10:37'),
(1285, 76, 19, 5, NULL, 'Áo đẹp, chất vải thoáng mát, form chuẩn', 1, 1, 1, '2025-06-21 04:10:37', '2025-07-08 04:10:37'),
(1286, 76, 18, 5, NULL, 'Chất liệu tốt, thiết kế đẹp, sẽ mua thêm', 1, 1, 1, '2025-06-09 04:10:37', '2025-06-30 04:10:37'),
(1287, 76, 14, 5, NULL, 'Size vừa vặn, chất lượng tốt, giá hợp lý', 1, 1, 1, '2025-06-18 04:10:37', '2025-06-11 04:10:37'),
(1288, 76, 23, 5, NULL, 'Đóng gói cẩn thận, giao hàng nhanh', 1, 1, 1, '2025-06-26 04:10:37', '2025-06-23 04:10:37'),
(1289, 76, 38, 5, NULL, 'Đóng gói cẩn thận, giao hàng nhanh', 1, 1, 1, '2025-06-15 04:10:37', '2025-06-14 04:10:37'),
(1290, 76, 21, 4, NULL, 'Đóng gói cẩn thận, giao hàng nhanh', 1, 1, 1, '2025-06-11 04:10:37', '2025-06-09 04:10:37'),
(1291, 76, 29, 4, NULL, 'Form đẹp, mặc vừa vặn, chất vải mềm mịn', 1, 1, 1, '2025-06-09 04:10:37', '2025-07-01 04:10:37'),
(1292, 76, 34, 4, NULL, 'Chất liệu tốt, thiết kế đẹp, sẽ mua thêm', 1, 1, 1, '2025-07-01 04:10:37', '2025-07-03 04:10:37'),
(1293, 76, 36, 4, NULL, 'Size vừa vặn, chất lượng tốt, giá hợp lý', 1, 1, 1, '2025-07-01 04:10:37', '2025-06-19 04:10:37'),
(1294, 76, 28, 4, NULL, 'Size vừa vặn, chất lượng tốt, giá hợp lý', 1, 1, 1, '2025-07-02 04:10:37', '2025-06-19 04:10:37'),
(1295, 76, 27, 4, NULL, 'Form đẹp, mặc vừa vặn, chất vải mềm mịn', 1, 1, 1, '2025-06-09 04:10:37', '2025-06-10 04:10:37'),
(1296, 76, 30, 4, NULL, 'Áo đẹp, chất vải thoáng mát, form chuẩn', 1, 1, 1, '2025-06-30 04:10:37', '2025-06-18 04:10:37'),
(1297, 77, 25, 5, NULL, 'Mặc vào rất xinh, form chuẩn, chất lượng tốt', 1, 1, 1, '2025-07-04 04:10:37', '2025-06-16 04:10:37'),
(1298, 77, 8, 5, NULL, 'Giày đẹp, đi êm chân, chất liệu tốt', 1, 1, 1, '2025-06-17 04:10:37', '2025-07-06 04:10:37'),
(1299, 77, 15, 5, NULL, 'Giày đẹp, đi êm chân, chất liệu tốt', 1, 1, 1, '2025-07-08 04:10:37', '2025-06-10 04:10:37'),
(1300, 77, 18, 5, NULL, 'Váy đẹp, chất vải mềm mại, thiết kế sang trọng', 1, 1, 1, '2025-06-19 04:10:37', '2025-06-24 04:10:37'),
(1301, 77, 50, 5, NULL, 'Sản phẩm chất lượng, đóng gói cẩn thận', 1, 1, 1, '2025-06-11 04:10:37', '2025-06-12 04:10:37'),
(1302, 77, 29, 5, NULL, 'Mặc vào rất xinh, form chuẩn, chất lượng tốt', 1, 1, 1, '2025-07-02 04:10:37', '2025-06-16 04:10:37'),
(1303, 77, 5, 5, NULL, 'Mặc vào rất xinh, form chuẩn, chất lượng tốt', 1, 1, 1, '2025-06-27 04:10:37', '2025-07-05 04:10:37'),
(1304, 77, 6, 5, NULL, 'Sản phẩm chất lượng, đóng gói cẩn thận', 1, 1, 1, '2025-07-04 04:10:37', '2025-06-20 04:10:37'),
(1305, 77, 41, 4, NULL, 'Sản phẩm chất lượng, đóng gói cẩn thận', 1, 1, 1, '2025-06-18 04:10:37', '2025-06-28 04:10:37'),
(1306, 77, 14, 4, NULL, 'Váy đẹp, chất vải mềm mại, thiết kế sang trọng', 1, 1, 1, '2025-06-11 04:10:37', '2025-06-09 04:10:37'),
(1307, 77, 32, 4, NULL, 'Giày đẹp, đi êm chân, chất liệu tốt', 1, 1, 1, '2025-06-20 04:10:38', '2025-06-12 04:10:38'),
(1308, 77, 35, 4, NULL, 'Mặc vào rất xinh, form chuẩn, chất lượng tốt', 1, 1, 1, '2025-06-17 04:10:38', '2025-06-09 04:10:38'),
(1309, 77, 1, 4, NULL, 'Mặc vào rất xinh, form chuẩn, chất lượng tốt', 1, 1, 1, '2025-07-05 04:10:38', '2025-06-23 04:10:38'),
(1310, 77, 44, 4, NULL, 'Mặc vào rất xinh, form chuẩn, chất lượng tốt', 1, 1, 1, '2025-06-18 04:10:38', '2025-06-13 04:10:38'),
(1311, 77, 11, 4, NULL, 'Sản phẩm chất lượng, đóng gói cẩn thận', 1, 1, 1, '2025-06-22 04:10:38', '2025-07-03 04:10:38'),
(1312, 77, 23, 4, NULL, 'Giày đẹp, đi êm chân, chất liệu tốt', 1, 1, 1, '2025-07-05 04:10:38', '2025-06-10 04:10:38'),
(1313, 77, 21, 4, NULL, 'Giày đẹp, đi êm chân, chất liệu tốt', 1, 1, 1, '2025-06-23 04:10:38', '2025-06-21 04:10:38'),
(1314, 77, 48, 4, NULL, 'Giày đẹp, đi êm chân, chất liệu tốt', 1, 1, 1, '2025-06-22 04:10:38', '2025-06-28 04:10:38'),
(1315, 77, 33, 4, NULL, 'Mặc vào rất xinh, form chuẩn, chất lượng tốt', 1, 1, 1, '2025-06-18 04:10:38', '2025-06-25 04:10:38'),
(1316, 77, 4, 3, NULL, 'Sản phẩm ổn, phù hợp tầm giá', 1, 1, 1, '2025-06-19 04:10:38', '2025-06-19 04:10:38'),
(1317, 77, 43, 3, NULL, 'Sản phẩm ổn, phù hợp tầm giá', 1, 1, 1, '2025-06-27 04:10:38', '2025-06-18 04:10:38'),
(1318, 77, 22, 3, NULL, 'Sản phẩm ổn, phù hợp tầm giá', 1, 1, 1, '2025-06-22 04:10:38', '2025-06-17 04:10:38'),
(1319, 77, 51, 3, NULL, 'Chất lượng khá, màu sắc đẹp', 1, 1, 1, '2025-06-12 04:10:38', '2025-07-04 04:10:38'),
(1320, 77, 39, 3, NULL, 'Chất lượng khá, màu sắc đẹp', 1, 1, 1, '2025-06-21 04:10:38', '2025-06-24 04:10:38'),
(1321, 77, 49, 3, NULL, 'Chất lượng khá, màu sắc đẹp', 1, 1, 1, '2025-06-19 04:10:38', '2025-06-17 04:10:38'),
(1322, 77, 16, 3, NULL, 'Chất lượng khá, màu sắc đẹp', 1, 1, 1, '2025-06-19 04:10:38', '2025-07-06 04:10:38'),
(1323, 77, 12, 3, NULL, 'Sản phẩm ổn, phù hợp tầm giá', 1, 1, 1, '2025-06-30 04:10:38', '2025-06-18 04:10:38'),
(1324, 77, 20, 2, NULL, 'Chất liệu hơi cứng, cần giặt mềm', 1, 1, 1, '2025-06-29 04:10:38', '2025-06-25 04:10:38'),
(1325, 77, 30, 2, NULL, 'Chất liệu hơi cứng, cần giặt mềm', 1, 1, 1, '2025-06-16 04:10:38', '2025-06-29 04:10:38'),
(1326, 77, 46, 2, NULL, 'Màu sắc nhạt hơn ảnh một chút', 1, 1, 1, '2025-06-13 04:10:38', '2025-06-26 04:10:38'),
(1327, 77, 13, 2, NULL, 'Chất liệu hơi cứng, cần giặt mềm', 1, 1, 1, '2025-06-12 04:10:38', '2025-07-02 04:10:38'),
(1328, 78, 30, 5, NULL, 'Sản phẩm chất lượng, đóng gói cẩn thận', 1, 1, 1, '2025-06-13 04:10:38', '2025-06-09 04:10:38'),
(1329, 78, 44, 5, NULL, 'Sản phẩm chất lượng, đóng gói cẩn thận', 1, 1, 1, '2025-06-29 04:10:38', '2025-06-25 04:10:38'),
(1330, 78, 45, 5, NULL, 'Váy đẹp, chất vải mềm mại, thiết kế sang trọng', 1, 1, 1, '2025-07-01 04:10:38', '2025-06-22 04:10:38'),
(1331, 78, 24, 5, NULL, 'Váy đẹp, chất vải mềm mại, thiết kế sang trọng', 1, 1, 1, '2025-06-18 04:10:38', '2025-06-23 04:10:38'),
(1332, 78, 25, 5, NULL, 'Mặc vào rất xinh, form chuẩn, chất lượng tốt', 1, 1, 1, '2025-06-25 04:10:38', '2025-06-20 04:10:38'),
(1333, 78, 1, 5, NULL, 'Mặc vào rất xinh, form chuẩn, chất lượng tốt', 1, 1, 1, '2025-06-19 04:10:38', '2025-06-28 04:10:38'),
(1334, 78, 43, 5, NULL, 'Giày đẹp, đi êm chân, chất liệu tốt', 1, 1, 1, '2025-07-05 04:10:38', '2025-07-07 04:10:38'),
(1335, 78, 33, 5, NULL, 'Thiết kế trendy, phù hợp đi làm và dạo phố', 1, 1, 1, '2025-07-06 04:10:38', '2025-06-10 04:10:38'),
(1336, 78, 7, 5, NULL, 'Giày đẹp, đi êm chân, chất liệu tốt', 1, 1, 1, '2025-06-21 04:10:38', '2025-06-18 04:10:38'),
(1337, 78, 9, 5, NULL, 'Váy đẹp, chất vải mềm mại, thiết kế sang trọng', 1, 1, 1, '2025-06-30 04:10:38', '2025-07-08 04:10:38'),
(1338, 78, 21, 5, NULL, 'Váy đẹp, chất vải mềm mại, thiết kế sang trọng', 1, 1, 1, '2025-07-05 04:10:38', '2025-06-11 04:10:38'),
(1339, 78, 23, 5, NULL, 'Váy đẹp, chất vải mềm mại, thiết kế sang trọng', 1, 1, 1, '2025-06-11 04:10:38', '2025-06-18 04:10:38'),
(1340, 78, 31, 5, NULL, 'Giày đẹp, đi êm chân, chất liệu tốt', 1, 1, 1, '2025-06-11 04:10:38', '2025-07-04 04:10:38'),
(1341, 78, 4, 5, NULL, 'Sản phẩm chất lượng, đóng gói cẩn thận', 1, 1, 1, '2025-06-20 04:10:38', '2025-06-13 04:10:38'),
(1342, 78, 47, 5, NULL, 'Váy đẹp, chất vải mềm mại, thiết kế sang trọng', 1, 1, 1, '2025-06-19 04:10:38', '2025-06-22 04:10:38'),
(1343, 78, 22, 5, NULL, 'Váy đẹp, chất vải mềm mại, thiết kế sang trọng', 1, 1, 1, '2025-07-06 04:10:38', '2025-07-08 04:10:38'),
(1344, 78, 37, 5, NULL, 'Sản phẩm chất lượng, đóng gói cẩn thận', 1, 1, 1, '2025-06-29 04:10:38', '2025-06-15 04:10:38'),
(1345, 78, 41, 5, NULL, 'Váy đẹp, chất vải mềm mại, thiết kế sang trọng', 1, 1, 1, '2025-07-08 04:10:38', '2025-07-04 04:10:38'),
(1346, 78, 16, 5, NULL, 'Giày đẹp, đi êm chân, chất liệu tốt', 1, 1, 1, '2025-06-26 04:10:38', '2025-07-02 04:10:38'),
(1347, 78, 28, 5, NULL, 'Váy đẹp, chất vải mềm mại, thiết kế sang trọng', 1, 1, 1, '2025-06-18 04:10:38', '2025-06-22 04:10:38');
INSERT INTO `reviews` (`id`, `product_id`, `user_id`, `rating`, `title`, `comment`, `is_verified_purchase`, `is_recommended`, `is_approved`, `created_at`, `updated_at`) VALUES
(1348, 78, 17, 5, NULL, 'Sản phẩm chất lượng, đóng gói cẩn thận', 1, 1, 1, '2025-06-26 04:10:38', '2025-06-22 04:10:38'),
(1349, 78, 40, 5, NULL, 'Mặc vào rất xinh, form chuẩn, chất lượng tốt', 1, 1, 1, '2025-07-07 04:10:38', '2025-06-26 04:10:38'),
(1350, 78, 20, 5, NULL, 'Váy đẹp, chất vải mềm mại, thiết kế sang trọng', 1, 1, 1, '2025-06-22 04:10:38', '2025-06-28 04:10:38'),
(1351, 78, 50, 5, NULL, 'Sản phẩm chất lượng, đóng gói cẩn thận', 1, 1, 1, '2025-06-26 04:10:38', '2025-07-05 04:10:38'),
(1352, 78, 39, 5, NULL, 'Thiết kế trendy, phù hợp đi làm và dạo phố', 1, 1, 1, '2025-06-23 04:10:38', '2025-07-04 04:10:38'),
(1353, 78, 14, 5, NULL, 'Sản phẩm chất lượng, đóng gói cẩn thận', 1, 1, 1, '2025-06-12 04:10:38', '2025-06-10 04:10:38'),
(1354, 78, 29, 5, NULL, 'Giày đẹp, đi êm chân, chất liệu tốt', 1, 1, 1, '2025-06-11 04:10:38', '2025-07-01 04:10:38'),
(1355, 78, 19, 5, NULL, 'Mặc vào rất xinh, form chuẩn, chất lượng tốt', 1, 1, 1, '2025-06-11 04:10:38', '2025-07-02 04:10:38'),
(1357, 78, 51, 5, NULL, 'Giày đẹp, đi êm chân, chất liệu tốt', 1, 1, 1, '2025-07-04 04:10:38', '2025-06-09 04:10:38'),
(1358, 78, 32, 5, NULL, 'Sản phẩm chất lượng, đóng gói cẩn thận', 1, 1, 1, '2025-06-18 04:10:38', '2025-06-24 04:10:38'),
(1359, 78, 15, 5, NULL, 'Giày đẹp, đi êm chân, chất liệu tốt', 1, 1, 1, '2025-07-02 04:10:38', '2025-07-06 04:10:38'),
(1360, 78, 36, 5, NULL, 'Thiết kế trendy, phù hợp đi làm và dạo phố', 1, 1, 1, '2025-06-12 04:10:38', '2025-06-23 04:10:38'),
(1361, 78, 5, 5, NULL, 'Sản phẩm chất lượng, đóng gói cẩn thận', 1, 1, 1, '2025-06-22 04:10:38', '2025-07-04 04:10:38'),
(1362, 78, 11, 5, NULL, 'Thiết kế trendy, phù hợp đi làm và dạo phố', 1, 1, 1, '2025-06-16 04:10:38', '2025-07-02 04:10:38'),
(1363, 78, 10, 5, NULL, 'Giày đẹp, đi êm chân, chất liệu tốt', 1, 1, 1, '2025-06-21 04:10:38', '2025-07-04 04:10:38'),
(1364, 78, 13, 5, NULL, 'Thiết kế trendy, phù hợp đi làm và dạo phố', 1, 1, 1, '2025-06-27 04:10:38', '2025-06-28 04:10:38'),
(1365, 78, 26, 5, NULL, 'Mặc vào rất xinh, form chuẩn, chất lượng tốt', 1, 1, 1, '2025-07-07 04:10:38', '2025-06-23 04:10:38'),
(1366, 78, 38, 5, NULL, 'Sản phẩm chất lượng, đóng gói cẩn thận', 1, 1, 1, '2025-07-05 04:10:38', '2025-06-23 04:10:38'),
(1367, 78, 35, 5, NULL, 'Sản phẩm chất lượng, đóng gói cẩn thận', 1, 1, 1, '2025-06-13 04:10:38', '2025-07-04 04:10:38'),
(1368, 78, 8, 5, NULL, 'Thiết kế trendy, phù hợp đi làm và dạo phố', 1, 1, 1, '2025-06-15 04:10:38', '2025-06-09 04:10:38'),
(1369, 78, 12, 5, NULL, 'Thiết kế trendy, phù hợp đi làm và dạo phố', 1, 1, 1, '2025-06-17 04:10:38', '2025-06-30 04:10:38'),
(1370, 78, 49, 4, NULL, 'Thiết kế trendy, phù hợp đi làm và dạo phố', 1, 1, 1, '2025-06-19 04:10:38', '2025-06-10 04:10:38'),
(1371, 78, 34, 4, NULL, 'Mặc vào rất xinh, form chuẩn, chất lượng tốt', 1, 1, 1, '2025-06-28 04:10:38', '2025-06-24 04:10:38'),
(1372, 78, 6, 4, NULL, 'Giày đẹp, đi êm chân, chất liệu tốt', 1, 1, 1, '2025-06-27 04:10:38', '2025-06-23 04:10:38'),
(1373, 78, 18, 4, NULL, 'Thiết kế trendy, phù hợp đi làm và dạo phố', 1, 1, 1, '2025-06-09 04:10:38', '2025-06-18 04:10:38'),
(1374, 78, 42, 4, NULL, 'Sản phẩm chất lượng, đóng gói cẩn thận', 1, 1, 1, '2025-06-22 04:10:38', '2025-07-06 04:10:38'),
(1375, 78, 46, 4, NULL, 'Thiết kế trendy, phù hợp đi làm và dạo phố', 1, 1, 1, '2025-06-19 04:10:38', '2025-06-22 04:10:38'),
(1376, 78, 27, 4, NULL, 'Sản phẩm chất lượng, đóng gói cẩn thận', 1, 1, 1, '2025-06-24 04:10:38', '2025-06-23 04:10:38'),
(1377, 78, 48, 4, NULL, 'Giày đẹp, đi êm chân, chất liệu tốt', 1, 1, 1, '2025-06-12 04:10:38', '2025-06-22 04:10:38'),
(1378, 79, 9, 5, NULL, 'Giày đẹp, đi êm chân, chất liệu tốt', 1, 1, 1, '2025-06-24 04:10:38', '2025-06-18 04:10:38'),
(1379, 79, 8, 5, NULL, 'Giày đẹp, đi êm chân, chất liệu tốt', 1, 1, 1, '2025-06-13 04:10:38', '2025-06-29 04:10:38'),
(1380, 79, 20, 5, NULL, 'Váy đẹp, chất vải mềm mại, thiết kế sang trọng', 1, 1, 1, '2025-06-14 04:10:38', '2025-07-04 04:10:38'),
(1381, 79, 35, 5, NULL, 'Mặc vào rất xinh, form chuẩn, chất lượng tốt', 1, 1, 1, '2025-06-24 04:10:38', '2025-06-24 04:10:38'),
(1382, 79, 33, 5, NULL, 'Giày đẹp, đi êm chân, chất liệu tốt', 1, 1, 1, '2025-07-06 04:10:38', '2025-06-24 04:10:38'),
(1383, 79, 49, 5, NULL, 'Váy đẹp, chất vải mềm mại, thiết kế sang trọng', 1, 1, 1, '2025-06-23 04:10:38', '2025-06-12 04:10:38'),
(1384, 79, 26, 5, NULL, 'Váy đẹp, chất vải mềm mại, thiết kế sang trọng', 1, 1, 1, '2025-07-03 04:10:38', '2025-06-25 04:10:38'),
(1385, 79, 1, 5, NULL, 'Váy đẹp, chất vải mềm mại, thiết kế sang trọng', 1, 1, 1, '2025-06-20 04:10:38', '2025-07-03 04:10:38'),
(1386, 79, 12, 5, NULL, 'Thiết kế trendy, phù hợp đi làm và dạo phố', 1, 1, 1, '2025-06-12 04:10:38', '2025-06-18 04:10:38'),
(1387, 79, 42, 5, NULL, 'Váy đẹp, chất vải mềm mại, thiết kế sang trọng', 1, 1, 1, '2025-06-19 04:10:38', '2025-07-02 04:10:38'),
(1388, 79, 10, 5, NULL, 'Sản phẩm chất lượng, đóng gói cẩn thận', 1, 1, 1, '2025-06-24 04:10:38', '2025-07-01 04:10:38'),
(1389, 79, 34, 5, NULL, 'Váy đẹp, chất vải mềm mại, thiết kế sang trọng', 1, 1, 1, '2025-06-25 04:10:38', '2025-06-15 04:10:38'),
(1390, 79, 13, 5, NULL, 'Mặc vào rất xinh, form chuẩn, chất lượng tốt', 1, 1, 1, '2025-07-01 04:10:38', '2025-06-27 04:10:38'),
(1391, 79, 19, 5, NULL, 'Váy đẹp, chất vải mềm mại, thiết kế sang trọng', 1, 1, 1, '2025-07-07 04:10:38', '2025-06-21 04:10:38'),
(1392, 79, 5, 5, NULL, 'Sản phẩm chất lượng, đóng gói cẩn thận', 1, 1, 1, '2025-06-11 04:10:38', '2025-06-14 04:10:38'),
(1393, 79, 30, 5, NULL, 'Thiết kế trendy, phù hợp đi làm và dạo phố', 1, 1, 1, '2025-06-17 04:10:38', '2025-06-21 04:10:38'),
(1394, 79, 18, 5, NULL, 'Váy đẹp, chất vải mềm mại, thiết kế sang trọng', 1, 1, 1, '2025-07-01 04:10:38', '2025-06-11 04:10:38'),
(1395, 79, 39, 5, NULL, 'Mặc vào rất xinh, form chuẩn, chất lượng tốt', 1, 1, 1, '2025-06-26 04:10:38', '2025-06-10 04:10:38'),
(1396, 79, 6, 5, NULL, 'Mặc vào rất xinh, form chuẩn, chất lượng tốt', 1, 1, 1, '2025-06-23 04:10:38', '2025-07-02 04:10:38'),
(1397, 79, 51, 5, NULL, 'Sản phẩm chất lượng, đóng gói cẩn thận', 1, 1, 1, '2025-07-08 04:10:38', '2025-06-14 04:10:38'),
(1398, 79, 38, 5, NULL, 'Mặc vào rất xinh, form chuẩn, chất lượng tốt', 1, 1, 1, '2025-07-04 04:10:38', '2025-07-08 04:10:38'),
(1399, 79, 22, 5, NULL, 'Sản phẩm chất lượng, đóng gói cẩn thận', 1, 1, 1, '2025-06-19 04:10:38', '2025-07-03 04:10:38'),
(1400, 79, 31, 5, NULL, 'Váy đẹp, chất vải mềm mại, thiết kế sang trọng', 1, 1, 1, '2025-06-21 04:10:38', '2025-06-12 04:10:38'),
(1401, 79, 11, 5, NULL, 'Giày đẹp, đi êm chân, chất liệu tốt', 1, 1, 1, '2025-06-25 04:10:38', '2025-06-21 04:10:38'),
(1402, 79, 44, 5, NULL, 'Sản phẩm chất lượng, đóng gói cẩn thận', 1, 1, 1, '2025-06-30 04:10:38', '2025-06-13 04:10:38'),
(1403, 79, 25, 5, NULL, 'Sản phẩm chất lượng, đóng gói cẩn thận', 1, 1, 1, '2025-06-26 04:10:38', '2025-07-04 04:10:38'),
(1404, 79, 27, 5, NULL, 'Sản phẩm chất lượng, đóng gói cẩn thận', 1, 1, 1, '2025-06-18 04:10:38', '2025-06-14 04:10:38'),
(1405, 79, 40, 5, NULL, 'Váy đẹp, chất vải mềm mại, thiết kế sang trọng', 1, 1, 1, '2025-06-21 04:10:38', '2025-06-09 04:10:38'),
(1406, 79, 32, 5, NULL, 'Mặc vào rất xinh, form chuẩn, chất lượng tốt', 1, 1, 1, '2025-07-04 04:10:38', '2025-06-21 04:10:38'),
(1408, 79, 17, 5, NULL, 'Giày đẹp, đi êm chân, chất liệu tốt', 1, 1, 1, '2025-06-29 04:10:38', '2025-06-29 04:10:38'),
(1409, 79, 15, 5, NULL, 'Váy đẹp, chất vải mềm mại, thiết kế sang trọng', 1, 1, 1, '2025-06-29 04:10:38', '2025-06-15 04:10:38'),
(1410, 79, 37, 5, NULL, 'Thiết kế trendy, phù hợp đi làm và dạo phố', 1, 1, 1, '2025-06-23 04:10:38', '2025-06-10 04:10:38'),
(1411, 79, 47, 5, NULL, 'Váy đẹp, chất vải mềm mại, thiết kế sang trọng', 1, 1, 1, '2025-06-19 04:10:38', '2025-06-30 04:10:38'),
(1412, 79, 4, 5, NULL, 'Sản phẩm chất lượng, đóng gói cẩn thận', 1, 1, 1, '2025-07-08 04:10:38', '2025-06-30 04:10:38'),
(1413, 79, 36, 5, NULL, 'Mặc vào rất xinh, form chuẩn, chất lượng tốt', 1, 1, 1, '2025-06-14 04:10:38', '2025-06-19 04:10:38'),
(1414, 79, 21, 5, NULL, 'Giày đẹp, đi êm chân, chất liệu tốt', 1, 1, 1, '2025-06-09 04:10:38', '2025-06-17 04:10:38'),
(1415, 79, 7, 5, NULL, 'Sản phẩm chất lượng, đóng gói cẩn thận', 1, 1, 1, '2025-06-13 04:10:38', '2025-06-13 04:10:38'),
(1416, 79, 16, 5, NULL, 'Mặc vào rất xinh, form chuẩn, chất lượng tốt', 1, 1, 1, '2025-06-11 04:10:38', '2025-07-04 04:10:38'),
(1417, 79, 41, 5, NULL, 'Sản phẩm chất lượng, đóng gói cẩn thận', 1, 1, 1, '2025-07-02 04:10:38', '2025-06-29 04:10:38'),
(1418, 79, 24, 5, NULL, 'Giày đẹp, đi êm chân, chất liệu tốt', 1, 1, 1, '2025-06-24 04:10:38', '2025-07-01 04:10:38'),
(1419, 79, 50, 5, NULL, 'Sản phẩm chất lượng, đóng gói cẩn thận', 1, 1, 1, '2025-06-20 04:10:38', '2025-06-12 04:10:38'),
(1420, 79, 23, 5, NULL, 'Giày đẹp, đi êm chân, chất liệu tốt', 1, 1, 1, '2025-06-14 04:10:38', '2025-06-24 04:10:38'),
(1421, 79, 46, 5, NULL, 'Thiết kế trendy, phù hợp đi làm và dạo phố', 1, 1, 1, '2025-06-30 04:10:38', '2025-06-18 04:10:38'),
(1422, 79, 48, 5, NULL, 'Váy đẹp, chất vải mềm mại, thiết kế sang trọng', 1, 1, 1, '2025-06-21 04:10:38', '2025-06-24 04:10:38'),
(1423, 79, 43, 4, NULL, 'Giày đẹp, đi êm chân, chất liệu tốt', 1, 1, 1, '2025-06-24 04:10:38', '2025-06-25 04:10:38'),
(1424, 79, 14, 4, NULL, 'Mặc vào rất xinh, form chuẩn, chất lượng tốt', 1, 1, 1, '2025-06-25 04:10:39', '2025-06-14 04:10:39'),
(1425, 79, 45, 4, NULL, 'Giày đẹp, đi êm chân, chất liệu tốt', 1, 1, 1, '2025-07-03 04:10:39', '2025-06-26 04:10:39'),
(1426, 79, 29, 4, NULL, 'Váy đẹp, chất vải mềm mại, thiết kế sang trọng', 1, 1, 1, '2025-07-04 04:10:39', '2025-07-08 04:10:39'),
(1427, 79, 28, 4, NULL, 'Mặc vào rất xinh, form chuẩn, chất lượng tốt', 1, 1, 1, '2025-06-16 04:10:39', '2025-06-15 04:10:39'),
(1428, 80, 7, 5, NULL, 'Chất lượng tốt, giá cả hợp lý', 1, 1, 1, '2025-06-17 04:10:39', '2025-06-10 04:10:39'),
(1429, 80, 38, 5, NULL, 'Bé sử dụng ổn định, sẽ mua thêm', 1, 1, 1, '2025-06-29 04:10:39', '2025-07-08 04:10:39'),
(1430, 80, 45, 5, NULL, 'Bé sử dụng ổn định, sẽ mua thêm', 1, 1, 1, '2025-06-11 04:10:39', '2025-07-04 04:10:39'),
(1431, 80, 48, 5, NULL, 'Sản phẩm chất lượng, an toàn cho bé', 1, 1, 1, '2025-07-06 04:10:39', '2025-06-15 04:10:39'),
(1432, 80, 19, 5, NULL, 'Sản phẩm chất lượng, an toàn cho bé', 1, 1, 1, '2025-06-14 04:10:39', '2025-06-22 04:10:39'),
(1433, 80, 4, 5, NULL, 'Đóng gói cẩn thận, giao hàng nhanh', 1, 1, 1, '2025-06-13 04:10:39', '2025-06-26 04:10:39'),
(1434, 80, 5, 5, NULL, 'Bé thích lắm, chất liệu tốt, đáng mua', 1, 1, 1, '2025-07-04 04:10:39', '2025-06-24 04:10:39'),
(1435, 80, 37, 5, NULL, 'Bé sử dụng ổn định, sẽ mua thêm', 1, 1, 1, '2025-06-16 04:10:39', '2025-06-25 04:10:39'),
(1436, 80, 36, 5, NULL, 'Bé sử dụng ổn định, sẽ mua thêm', 1, 1, 1, '2025-06-16 04:10:39', '2025-07-07 04:10:39'),
(1437, 80, 22, 5, NULL, 'Đóng gói cẩn thận, giao hàng nhanh', 1, 1, 1, '2025-07-08 04:10:39', '2025-06-22 04:10:39'),
(1438, 80, 11, 5, NULL, 'Sản phẩm chất lượng, an toàn cho bé', 1, 1, 1, '2025-06-26 04:10:39', '2025-06-23 04:10:39'),
(1439, 80, 40, 5, NULL, 'Sản phẩm chất lượng, an toàn cho bé', 1, 1, 1, '2025-06-22 04:10:39', '2025-06-30 04:10:39'),
(1440, 80, 15, 5, NULL, 'Chất lượng tốt, giá cả hợp lý', 1, 1, 1, '2025-07-03 04:10:39', '2025-07-01 04:10:39'),
(1441, 80, 49, 5, NULL, 'Bé sử dụng ổn định, sẽ mua thêm', 1, 1, 1, '2025-07-01 04:10:39', '2025-06-24 04:10:39'),
(1442, 80, 26, 5, NULL, 'Sản phẩm chất lượng, an toàn cho bé', 1, 1, 1, '2025-07-01 04:10:39', '2025-07-03 04:10:39'),
(1443, 80, 17, 5, NULL, 'Sản phẩm chất lượng, an toàn cho bé', 1, 1, 1, '2025-06-21 04:10:39', '2025-06-16 04:10:39'),
(1444, 80, 35, 5, NULL, 'Bé sử dụng ổn định, sẽ mua thêm', 1, 1, 1, '2025-07-05 04:10:39', '2025-06-25 04:10:39'),
(1445, 80, 25, 5, NULL, 'Sản phẩm chất lượng, an toàn cho bé', 1, 1, 1, '2025-06-21 04:10:39', '2025-06-11 04:10:39'),
(1446, 80, 28, 5, NULL, 'Bé thích lắm, chất liệu tốt, đáng mua', 1, 1, 1, '2025-06-15 04:10:39', '2025-06-21 04:10:39'),
(1447, 80, 50, 5, NULL, 'Bé thích lắm, chất liệu tốt, đáng mua', 1, 1, 1, '2025-06-20 04:10:39', '2025-07-04 04:10:39'),
(1448, 80, 18, 5, NULL, 'Sản phẩm chất lượng, an toàn cho bé', 1, 1, 1, '2025-06-15 04:10:39', '2025-06-11 04:10:39'),
(1449, 80, 20, 5, NULL, 'Sản phẩm chất lượng, an toàn cho bé', 1, 1, 1, '2025-07-08 04:10:39', '2025-06-25 04:10:39'),
(1450, 80, 9, 5, NULL, 'Đóng gói cẩn thận, giao hàng nhanh', 1, 1, 1, '2025-06-23 04:10:39', '2025-06-25 04:10:39'),
(1451, 80, 14, 5, NULL, 'Chất lượng tốt, giá cả hợp lý', 1, 1, 1, '2025-07-07 04:10:39', '2025-06-17 04:10:39'),
(1452, 80, 16, 5, NULL, 'Đóng gói cẩn thận, giao hàng nhanh', 1, 1, 1, '2025-07-05 04:10:39', '2025-07-07 04:10:39'),
(1454, 80, 46, 5, NULL, 'Bé thích lắm, chất liệu tốt, đáng mua', 1, 1, 1, '2025-06-12 04:10:39', '2025-06-19 04:10:39'),
(1455, 80, 41, 5, NULL, 'Chất lượng tốt, giá cả hợp lý', 1, 1, 1, '2025-07-07 04:10:39', '2025-06-11 04:10:39'),
(1456, 80, 13, 5, NULL, 'Bé sử dụng ổn định, sẽ mua thêm', 1, 1, 1, '2025-07-05 04:10:39', '2025-07-01 04:10:39'),
(1457, 80, 29, 5, NULL, 'Bé thích lắm, chất liệu tốt, đáng mua', 1, 1, 1, '2025-06-14 04:10:39', '2025-06-22 04:10:39'),
(1458, 80, 42, 5, NULL, 'Đóng gói cẩn thận, giao hàng nhanh', 1, 1, 1, '2025-06-09 04:10:39', '2025-06-26 04:10:39'),
(1459, 80, 21, 4, NULL, 'Đóng gói cẩn thận, giao hàng nhanh', 1, 1, 1, '2025-06-30 04:10:39', '2025-07-06 04:10:39'),
(1460, 80, 51, 4, NULL, 'Sản phẩm chất lượng, an toàn cho bé', 1, 1, 1, '2025-06-30 04:10:39', '2025-06-22 04:10:39'),
(1461, 80, 8, 4, NULL, 'Chất lượng tốt, giá cả hợp lý', 1, 1, 1, '2025-07-03 04:10:39', '2025-06-13 04:10:39'),
(1462, 80, 30, 4, NULL, 'Bé thích lắm, chất liệu tốt, đáng mua', 1, 1, 1, '2025-06-11 04:10:39', '2025-06-21 04:10:39'),
(1463, 80, 24, 4, NULL, 'Chất lượng tốt, giá cả hợp lý', 1, 1, 1, '2025-06-16 04:10:39', '2025-06-15 04:10:39'),
(1464, 80, 33, 4, NULL, 'Bé sử dụng ổn định, sẽ mua thêm', 1, 1, 1, '2025-07-04 04:10:39', '2025-06-25 04:10:39'),
(1465, 80, 23, 4, NULL, 'Chất lượng tốt, giá cả hợp lý', 1, 1, 1, '2025-06-29 04:10:39', '2025-06-15 04:10:39'),
(1466, 80, 31, 4, NULL, 'Bé thích lắm, chất liệu tốt, đáng mua', 1, 1, 1, '2025-07-02 04:10:39', '2025-06-27 04:10:39'),
(1467, 80, 34, 4, NULL, 'Chất lượng tốt, giá cả hợp lý', 1, 1, 1, '2025-07-02 04:10:39', '2025-06-16 04:10:39'),
(1468, 80, 6, 4, NULL, 'Chất lượng tốt, giá cả hợp lý', 1, 1, 1, '2025-06-29 04:10:39', '2025-06-23 04:10:39'),
(1469, 80, 44, 4, NULL, 'Bé sử dụng ổn định, sẽ mua thêm', 1, 1, 1, '2025-07-04 04:10:39', '2025-06-19 04:10:39'),
(1470, 80, 12, 4, NULL, 'Bé sử dụng ổn định, sẽ mua thêm', 1, 1, 1, '2025-06-22 04:10:39', '2025-06-14 04:10:39'),
(1471, 80, 43, 4, NULL, 'Bé sử dụng ổn định, sẽ mua thêm', 1, 1, 1, '2025-06-19 04:10:39', '2025-06-16 04:10:39'),
(1472, 80, 39, 4, NULL, 'Sản phẩm chất lượng, an toàn cho bé', 1, 1, 1, '2025-06-16 04:10:39', '2025-06-15 04:10:39'),
(1473, 80, 1, 4, NULL, 'Đóng gói cẩn thận, giao hàng nhanh', 1, 1, 1, '2025-07-01 04:10:39', '2025-06-20 04:10:39'),
(1474, 80, 27, 4, NULL, 'Bé thích lắm, chất liệu tốt, đáng mua', 1, 1, 1, '2025-06-17 04:10:39', '2025-06-13 04:10:39'),
(1475, 80, 47, 4, NULL, 'Bé sử dụng ổn định, sẽ mua thêm', 1, 1, 1, '2025-06-22 04:10:39', '2025-07-04 04:10:39'),
(1476, 80, 32, 4, NULL, 'Chất lượng tốt, giá cả hợp lý', 1, 1, 1, '2025-06-20 04:10:39', '2025-06-26 04:10:39'),
(1477, 80, 10, 4, NULL, 'Bé thích lắm, chất liệu tốt, đáng mua', 1, 1, 1, '2025-06-19 04:10:39', '2025-06-30 04:10:39'),
(1478, 81, 28, 5, NULL, 'Đóng gói cẩn thận, giao hàng nhanh', 1, 1, 1, '2025-07-02 04:10:39', '2025-07-07 04:10:39'),
(1479, 81, 22, 5, NULL, 'Chất lượng tốt, giá cả hợp lý', 1, 1, 1, '2025-07-04 04:10:39', '2025-07-08 04:10:39'),
(1480, 81, 31, 5, NULL, 'Bé thích lắm, chất liệu tốt, đáng mua', 1, 1, 1, '2025-06-12 04:10:39', '2025-06-27 04:10:39'),
(1481, 81, 34, 5, NULL, 'Chất lượng tốt, giá cả hợp lý', 1, 1, 1, '2025-07-06 04:10:39', '2025-07-08 04:10:39'),
(1482, 81, 1, 5, NULL, 'Đóng gói cẩn thận, giao hàng nhanh', 1, 1, 1, '2025-06-21 04:10:39', '2025-07-04 04:10:39'),
(1483, 81, 9, 5, NULL, 'Đóng gói cẩn thận, giao hàng nhanh', 1, 1, 1, '2025-06-25 04:10:39', '2025-06-12 04:10:39'),
(1484, 81, 44, 5, NULL, 'Bé sử dụng ổn định, sẽ mua thêm', 1, 1, 1, '2025-06-22 04:10:39', '2025-06-19 04:10:39'),
(1485, 81, 11, 5, NULL, 'Bé sử dụng ổn định, sẽ mua thêm', 1, 1, 1, '2025-06-17 04:10:39', '2025-06-17 04:10:39'),
(1486, 81, 12, 5, NULL, 'Bé sử dụng ổn định, sẽ mua thêm', 1, 1, 1, '2025-07-08 04:10:39', '2025-06-23 04:10:39'),
(1487, 81, 47, 5, NULL, 'Chất lượng tốt, giá cả hợp lý', 1, 1, 1, '2025-06-13 04:10:39', '2025-06-17 04:10:39'),
(1488, 81, 32, 5, NULL, 'Chất lượng tốt, giá cả hợp lý', 1, 1, 1, '2025-06-09 04:10:39', '2025-06-16 04:10:39'),
(1489, 81, 41, 5, NULL, 'Bé sử dụng ổn định, sẽ mua thêm', 1, 1, 1, '2025-06-22 04:10:39', '2025-06-18 04:10:39'),
(1490, 81, 35, 5, NULL, 'Bé thích lắm, chất liệu tốt, đáng mua', 1, 1, 1, '2025-07-02 04:10:39', '2025-06-13 04:10:39'),
(1491, 81, 18, 5, NULL, 'Chất lượng tốt, giá cả hợp lý', 1, 1, 1, '2025-06-26 04:10:39', '2025-06-24 04:10:39'),
(1492, 81, 29, 5, NULL, 'Chất lượng tốt, giá cả hợp lý', 1, 1, 1, '2025-06-17 04:10:39', '2025-06-25 04:10:39'),
(1493, 81, 6, 5, NULL, 'Đóng gói cẩn thận, giao hàng nhanh', 1, 1, 1, '2025-07-08 04:10:39', '2025-07-02 04:10:39'),
(1494, 81, 24, 5, NULL, 'Chất lượng tốt, giá cả hợp lý', 1, 1, 1, '2025-06-10 04:10:39', '2025-06-11 04:10:39'),
(1495, 81, 4, 5, NULL, 'Bé sử dụng ổn định, sẽ mua thêm', 1, 1, 1, '2025-07-06 04:10:39', '2025-06-16 04:10:39'),
(1496, 81, 14, 5, NULL, 'Bé thích lắm, chất liệu tốt, đáng mua', 1, 1, 1, '2025-06-15 04:10:39', '2025-06-09 04:10:39'),
(1497, 81, 37, 5, NULL, 'Chất lượng tốt, giá cả hợp lý', 1, 1, 1, '2025-06-19 04:10:39', '2025-07-01 04:10:39'),
(1498, 81, 27, 5, NULL, 'Chất lượng tốt, giá cả hợp lý', 1, 1, 1, '2025-06-09 04:10:39', '2025-07-01 04:10:39'),
(1499, 81, 15, 5, NULL, 'Đóng gói cẩn thận, giao hàng nhanh', 1, 1, 1, '2025-06-24 04:10:39', '2025-06-13 04:10:39'),
(1500, 81, 23, 5, NULL, 'Chất lượng tốt, giá cả hợp lý', 1, 1, 1, '2025-06-09 04:10:39', '2025-06-10 04:10:39'),
(1501, 81, 45, 5, NULL, 'Đóng gói cẩn thận, giao hàng nhanh', 1, 1, 1, '2025-06-27 04:10:39', '2025-06-16 04:10:39'),
(1503, 81, 40, 5, NULL, 'Đóng gói cẩn thận, giao hàng nhanh', 1, 1, 1, '2025-06-20 04:10:39', '2025-07-05 04:10:39'),
(1504, 81, 48, 5, NULL, 'Chất lượng tốt, giá cả hợp lý', 1, 1, 1, '2025-06-26 04:10:39', '2025-06-12 04:10:39'),
(1505, 81, 42, 5, NULL, 'Sản phẩm chất lượng, an toàn cho bé', 1, 1, 1, '2025-06-25 04:10:39', '2025-07-01 04:10:39'),
(1506, 81, 36, 5, NULL, 'Đóng gói cẩn thận, giao hàng nhanh', 1, 1, 1, '2025-06-22 04:10:39', '2025-07-07 04:10:39'),
(1507, 81, 17, 5, NULL, 'Bé sử dụng ổn định, sẽ mua thêm', 1, 1, 1, '2025-07-02 04:10:39', '2025-07-03 04:10:39'),
(1508, 81, 51, 5, NULL, 'Đóng gói cẩn thận, giao hàng nhanh', 1, 1, 1, '2025-06-19 04:10:39', '2025-06-13 04:10:39'),
(1509, 81, 25, 5, NULL, 'Đóng gói cẩn thận, giao hàng nhanh', 1, 1, 1, '2025-06-20 04:10:39', '2025-06-12 04:10:39'),
(1510, 81, 26, 5, NULL, 'Sản phẩm chất lượng, an toàn cho bé', 1, 1, 1, '2025-07-04 04:10:39', '2025-06-23 04:10:39'),
(1511, 81, 38, 5, NULL, 'Bé sử dụng ổn định, sẽ mua thêm', 1, 1, 1, '2025-07-08 04:10:39', '2025-06-19 04:10:39'),
(1512, 81, 16, 5, NULL, 'Sản phẩm chất lượng, an toàn cho bé', 1, 1, 1, '2025-06-23 04:10:39', '2025-07-04 04:10:39'),
(1513, 81, 19, 5, NULL, 'Sản phẩm chất lượng, an toàn cho bé', 1, 1, 1, '2025-06-17 04:10:39', '2025-06-18 04:10:39'),
(1514, 81, 10, 5, NULL, 'Bé thích lắm, chất liệu tốt, đáng mua', 1, 1, 1, '2025-07-05 04:10:39', '2025-06-26 04:10:39'),
(1515, 81, 30, 5, NULL, 'Đóng gói cẩn thận, giao hàng nhanh', 1, 1, 1, '2025-06-18 04:10:39', '2025-06-11 04:10:39'),
(1516, 81, 33, 5, NULL, 'Đóng gói cẩn thận, giao hàng nhanh', 1, 1, 1, '2025-07-05 04:10:39', '2025-06-18 04:10:39'),
(1517, 81, 20, 5, NULL, 'Bé thích lắm, chất liệu tốt, đáng mua', 1, 1, 1, '2025-07-06 04:10:39', '2025-07-03 04:10:39'),
(1518, 81, 5, 5, NULL, 'Chất lượng tốt, giá cả hợp lý', 1, 1, 1, '2025-06-30 04:10:39', '2025-07-06 04:10:39'),
(1519, 81, 7, 5, NULL, 'Chất lượng tốt, giá cả hợp lý', 1, 1, 1, '2025-06-09 04:10:39', '2025-06-14 04:10:39'),
(1520, 81, 13, 5, NULL, 'Chất lượng tốt, giá cả hợp lý', 1, 1, 1, '2025-06-18 04:10:39', '2025-06-28 04:10:39'),
(1521, 81, 49, 5, NULL, 'Bé sử dụng ổn định, sẽ mua thêm', 1, 1, 1, '2025-06-20 04:10:39', '2025-06-23 04:10:39'),
(1522, 81, 43, 5, NULL, 'Chất lượng tốt, giá cả hợp lý', 1, 1, 1, '2025-06-22 04:10:39', '2025-06-29 04:10:39'),
(1523, 81, 46, 5, NULL, 'Bé thích lắm, chất liệu tốt, đáng mua', 1, 1, 1, '2025-06-26 04:10:39', '2025-06-13 04:10:39'),
(1524, 81, 21, 5, NULL, 'Bé sử dụng ổn định, sẽ mua thêm', 1, 1, 1, '2025-06-19 04:10:39', '2025-07-02 04:10:39'),
(1525, 81, 8, 5, NULL, 'Bé sử dụng ổn định, sẽ mua thêm', 1, 1, 1, '2025-07-03 04:10:39', '2025-06-27 04:10:39'),
(1526, 81, 39, 5, NULL, 'Bé sử dụng ổn định, sẽ mua thêm', 1, 1, 1, '2025-06-10 04:10:39', '2025-06-20 04:10:39'),
(1527, 81, 50, 5, NULL, 'Sản phẩm chất lượng, an toàn cho bé', 1, 1, 1, '2025-06-21 04:10:39', '2025-06-12 04:10:39'),
(1528, 82, 29, 5, NULL, 'Chất lượng tốt, giá cả hợp lý', 1, 1, 1, '2025-07-05 04:10:39', '2025-06-29 04:10:39'),
(1529, 82, 22, 5, NULL, 'Bé thích lắm, chất liệu tốt, đáng mua', 1, 1, 1, '2025-07-08 04:10:39', '2025-06-21 04:10:39'),
(1530, 82, 1, 5, NULL, 'Sản phẩm chất lượng, an toàn cho bé', 1, 1, 1, '2025-06-28 04:10:39', '2025-06-25 04:10:39'),
(1532, 82, 47, 5, NULL, 'Sản phẩm chất lượng, an toàn cho bé', 1, 1, 1, '2025-06-14 04:10:39', '2025-07-06 04:10:39'),
(1533, 82, 48, 5, NULL, 'Bé sử dụng ổn định, sẽ mua thêm', 1, 1, 1, '2025-07-07 04:10:39', '2025-06-29 04:10:39'),
(1534, 82, 11, 5, NULL, 'Bé thích lắm, chất liệu tốt, đáng mua', 1, 1, 1, '2025-07-07 04:10:39', '2025-06-14 04:10:39'),
(1535, 82, 10, 5, NULL, 'Đóng gói cẩn thận, giao hàng nhanh', 1, 1, 1, '2025-07-06 04:10:39', '2025-06-10 04:10:39'),
(1536, 82, 39, 5, NULL, 'Đóng gói cẩn thận, giao hàng nhanh', 1, 1, 1, '2025-06-09 04:10:39', '2025-06-24 04:10:39'),
(1537, 82, 45, 5, NULL, 'Bé thích lắm, chất liệu tốt, đáng mua', 1, 1, 1, '2025-06-29 04:10:39', '2025-06-14 04:10:39'),
(1538, 82, 8, 5, NULL, 'Sản phẩm chất lượng, an toàn cho bé', 1, 1, 1, '2025-06-10 04:10:39', '2025-06-23 04:10:39'),
(1539, 82, 9, 5, NULL, 'Bé thích lắm, chất liệu tốt, đáng mua', 1, 1, 1, '2025-07-07 04:10:40', '2025-07-06 04:10:40'),
(1540, 82, 25, 5, NULL, 'Đóng gói cẩn thận, giao hàng nhanh', 1, 1, 1, '2025-06-25 04:10:40', '2025-06-12 04:10:40'),
(1541, 82, 14, 5, NULL, 'Chất lượng tốt, giá cả hợp lý', 1, 1, 1, '2025-06-18 04:10:40', '2025-06-15 04:10:40'),
(1542, 82, 4, 5, NULL, 'Bé thích lắm, chất liệu tốt, đáng mua', 1, 1, 1, '2025-06-30 04:10:40', '2025-07-05 04:10:40'),
(1543, 82, 43, 5, NULL, 'Sản phẩm chất lượng, an toàn cho bé', 1, 1, 1, '2025-06-25 04:10:40', '2025-06-19 04:10:40'),
(1544, 82, 20, 5, NULL, 'Bé thích lắm, chất liệu tốt, đáng mua', 1, 1, 1, '2025-06-09 04:10:40', '2025-06-12 04:10:40'),
(1545, 82, 13, 5, NULL, 'Bé sử dụng ổn định, sẽ mua thêm', 1, 1, 1, '2025-06-29 04:10:40', '2025-06-15 04:10:40'),
(1546, 82, 7, 5, NULL, 'Đóng gói cẩn thận, giao hàng nhanh', 1, 1, 1, '2025-06-14 04:10:40', '2025-06-29 04:10:40'),
(1547, 82, 24, 5, NULL, 'Đóng gói cẩn thận, giao hàng nhanh', 1, 1, 1, '2025-06-10 04:10:40', '2025-07-01 04:10:40'),
(1548, 82, 42, 5, NULL, 'Chất lượng tốt, giá cả hợp lý', 1, 1, 1, '2025-06-26 04:10:40', '2025-06-20 04:10:40'),
(1549, 82, 36, 5, NULL, 'Sản phẩm chất lượng, an toàn cho bé', 1, 1, 1, '2025-06-23 04:10:40', '2025-06-24 04:10:40'),
(1550, 82, 5, 5, NULL, 'Bé sử dụng ổn định, sẽ mua thêm', 1, 1, 1, '2025-07-07 04:10:40', '2025-06-19 04:10:40'),
(1551, 82, 51, 5, NULL, 'Sản phẩm chất lượng, an toàn cho bé', 1, 1, 1, '2025-06-29 04:10:40', '2025-06-18 04:10:40'),
(1552, 82, 16, 5, NULL, 'Bé sử dụng ổn định, sẽ mua thêm', 1, 1, 1, '2025-06-26 04:10:40', '2025-06-26 04:10:40'),
(1553, 82, 49, 5, NULL, 'Sản phẩm chất lượng, an toàn cho bé', 1, 1, 1, '2025-06-18 04:10:40', '2025-07-02 04:10:40'),
(1554, 82, 21, 5, NULL, 'Chất lượng tốt, giá cả hợp lý', 1, 1, 1, '2025-06-21 04:10:40', '2025-06-10 04:10:40'),
(1555, 82, 12, 5, NULL, 'Sản phẩm chất lượng, an toàn cho bé', 1, 1, 1, '2025-06-12 04:10:40', '2025-06-16 04:10:40'),
(1556, 82, 50, 5, NULL, 'Bé thích lắm, chất liệu tốt, đáng mua', 1, 1, 1, '2025-06-19 04:10:40', '2025-06-27 04:10:40'),
(1557, 82, 30, 5, NULL, 'Chất lượng tốt, giá cả hợp lý', 1, 1, 1, '2025-06-28 04:10:40', '2025-07-06 04:10:40'),
(1558, 82, 46, 5, NULL, 'Bé sử dụng ổn định, sẽ mua thêm', 1, 1, 1, '2025-06-28 04:10:40', '2025-06-30 04:10:40'),
(1559, 82, 26, 5, NULL, 'Bé thích lắm, chất liệu tốt, đáng mua', 1, 1, 1, '2025-07-01 04:10:40', '2025-07-01 04:10:40'),
(1560, 82, 19, 5, NULL, 'Chất lượng tốt, giá cả hợp lý', 1, 1, 1, '2025-07-06 04:10:40', '2025-07-04 04:10:40'),
(1561, 82, 31, 5, NULL, 'Sản phẩm chất lượng, an toàn cho bé', 1, 1, 1, '2025-06-25 04:10:40', '2025-06-13 04:10:40'),
(1562, 82, 44, 5, NULL, 'Bé sử dụng ổn định, sẽ mua thêm', 1, 1, 1, '2025-06-21 04:10:40', '2025-07-05 04:10:40'),
(1563, 82, 18, 5, NULL, 'Bé sử dụng ổn định, sẽ mua thêm', 1, 1, 1, '2025-06-28 04:10:40', '2025-06-22 04:10:40'),
(1564, 82, 27, 5, NULL, 'Bé thích lắm, chất liệu tốt, đáng mua', 1, 1, 1, '2025-06-23 04:10:40', '2025-07-02 04:10:40'),
(1565, 82, 35, 5, NULL, 'Bé sử dụng ổn định, sẽ mua thêm', 1, 1, 1, '2025-07-02 04:10:40', '2025-07-06 04:10:40'),
(1566, 82, 6, 5, NULL, 'Chất lượng tốt, giá cả hợp lý', 1, 1, 1, '2025-07-02 04:10:40', '2025-06-25 04:10:40'),
(1567, 82, 37, 5, NULL, 'Đóng gói cẩn thận, giao hàng nhanh', 1, 1, 1, '2025-06-28 04:10:40', '2025-06-29 04:10:40'),
(1568, 82, 28, 5, NULL, 'Bé thích lắm, chất liệu tốt, đáng mua', 1, 1, 1, '2025-06-10 04:10:40', '2025-06-15 04:10:40'),
(1569, 82, 34, 5, NULL, 'Bé sử dụng ổn định, sẽ mua thêm', 1, 1, 1, '2025-06-29 04:10:40', '2025-07-06 04:10:40'),
(1570, 82, 41, 5, NULL, 'Chất lượng tốt, giá cả hợp lý', 1, 1, 1, '2025-06-23 04:10:40', '2025-06-25 04:10:40'),
(1571, 82, 23, 5, NULL, 'Sản phẩm chất lượng, an toàn cho bé', 1, 1, 1, '2025-06-18 04:10:40', '2025-06-09 04:10:40'),
(1572, 82, 32, 5, NULL, 'Chất lượng tốt, giá cả hợp lý', 1, 1, 1, '2025-07-05 04:10:40', '2025-06-26 04:10:40'),
(1573, 82, 38, 5, NULL, 'Bé sử dụng ổn định, sẽ mua thêm', 1, 1, 1, '2025-06-27 04:10:40', '2025-06-15 04:10:40'),
(1574, 82, 33, 5, NULL, 'Sản phẩm chất lượng, an toàn cho bé', 1, 1, 1, '2025-07-05 04:10:40', '2025-06-17 04:10:40'),
(1575, 82, 40, 5, NULL, 'Bé thích lắm, chất liệu tốt, đáng mua', 1, 1, 1, '2025-07-06 04:10:40', '2025-06-22 04:10:40'),
(1576, 82, 15, 5, NULL, 'Chất lượng tốt, giá cả hợp lý', 1, 1, 1, '2025-06-28 04:10:40', '2025-06-15 04:10:40'),
(1577, 82, 17, 5, NULL, 'Chất lượng tốt, giá cả hợp lý', 1, 1, 1, '2025-07-07 04:10:40', '2025-06-13 04:10:40'),
(1578, 83, 40, 5, NULL, 'Dùng ổn định, tiết kiệm điện', 1, 1, 1, '2025-07-08 04:10:40', '2025-06-15 04:10:40'),
(1579, 83, 6, 5, NULL, 'Sản phẩm chất lượng, hoạt động tốt', 1, 1, 1, '2025-06-13 04:10:40', '2025-06-13 04:10:40'),
(1580, 83, 21, 5, NULL, 'Sản phẩm chất lượng, hoạt động tốt', 1, 1, 1, '2025-06-12 04:10:40', '2025-06-10 04:10:40'),
(1581, 83, 44, 5, NULL, 'Giá tốt, chất lượng ổn định', 1, 1, 1, '2025-07-07 04:10:40', '2025-07-03 04:10:40'),
(1582, 83, 1, 5, NULL, 'Chất liệu bền, đóng gói cẩn thận', 1, 1, 1, '2025-06-18 04:10:40', '2025-06-21 04:10:40'),
(1583, 83, 49, 5, NULL, 'Thiết kế đẹp, tiện dụng, dễ sử dụng', 1, 1, 1, '2025-06-09 04:10:40', '2025-06-29 04:10:40'),
(1584, 83, 45, 5, NULL, 'Chất liệu bền, đóng gói cẩn thận', 1, 1, 1, '2025-06-15 04:10:40', '2025-06-21 04:10:40'),
(1585, 83, 34, 5, NULL, 'Sản phẩm chất lượng, hoạt động tốt', 1, 1, 1, '2025-06-21 04:10:40', '2025-06-17 04:10:40'),
(1586, 83, 13, 5, NULL, 'Thiết kế đẹp, tiện dụng, dễ sử dụng', 1, 1, 1, '2025-06-13 04:10:40', '2025-06-19 04:10:40'),
(1587, 83, 5, 5, NULL, 'Giá tốt, chất lượng ổn định', 1, 1, 1, '2025-06-12 04:10:40', '2025-06-14 04:10:40'),
(1588, 83, 29, 5, NULL, 'Chất liệu bền, đóng gói cẩn thận', 1, 1, 1, '2025-07-02 04:10:40', '2025-06-21 04:10:40'),
(1589, 83, 42, 5, NULL, 'Chất liệu bền, đóng gói cẩn thận', 1, 1, 1, '2025-06-10 04:10:40', '2025-06-14 04:10:40'),
(1590, 83, 38, 5, NULL, 'Chất liệu bền, đóng gói cẩn thận', 1, 1, 1, '2025-06-12 04:10:40', '2025-06-21 04:10:40'),
(1591, 83, 27, 5, NULL, 'Giá tốt, chất lượng ổn định', 1, 1, 1, '2025-06-11 04:10:40', '2025-06-11 04:10:40'),
(1592, 83, 35, 5, NULL, 'Thiết kế đẹp, tiện dụng, dễ sử dụng', 1, 1, 1, '2025-06-11 04:10:40', '2025-07-06 04:10:40'),
(1593, 83, 36, 5, NULL, 'Thiết kế đẹp, tiện dụng, dễ sử dụng', 1, 1, 1, '2025-06-18 04:10:40', '2025-06-21 04:10:40'),
(1594, 83, 18, 5, NULL, 'Dùng ổn định, tiết kiệm điện', 1, 1, 1, '2025-07-01 04:10:40', '2025-07-05 04:10:40'),
(1595, 83, 10, 5, NULL, 'Thiết kế đẹp, tiện dụng, dễ sử dụng', 1, 1, 1, '2025-06-28 04:10:40', '2025-06-17 04:10:40'),
(1596, 83, 25, 5, NULL, 'Giá tốt, chất lượng ổn định', 1, 1, 1, '2025-06-16 04:10:40', '2025-06-26 04:10:40'),
(1597, 83, 7, 5, NULL, 'Giá tốt, chất lượng ổn định', 1, 1, 1, '2025-07-08 04:10:40', '2025-06-12 04:10:40'),
(1598, 83, 24, 5, NULL, 'Sản phẩm chất lượng, hoạt động tốt', 1, 1, 1, '2025-07-01 04:10:40', '2025-06-11 04:10:40'),
(1599, 83, 8, 5, NULL, 'Giá tốt, chất lượng ổn định', 1, 1, 1, '2025-07-02 04:10:40', '2025-06-22 04:10:40'),
(1600, 83, 48, 5, NULL, 'Chất liệu bền, đóng gói cẩn thận', 1, 1, 1, '2025-07-06 04:10:40', '2025-06-21 04:10:40'),
(1601, 83, 14, 5, NULL, 'Giá tốt, chất lượng ổn định', 1, 1, 1, '2025-06-28 04:10:40', '2025-06-11 04:10:40'),
(1602, 83, 20, 5, NULL, 'Thiết kế đẹp, tiện dụng, dễ sử dụng', 1, 1, 1, '2025-07-04 04:10:40', '2025-06-27 04:10:40'),
(1603, 83, 9, 5, NULL, 'Sản phẩm chất lượng, hoạt động tốt', 1, 1, 1, '2025-06-16 04:10:40', '2025-06-18 04:10:40'),
(1604, 83, 19, 5, NULL, 'Chất liệu bền, đóng gói cẩn thận', 1, 1, 1, '2025-07-07 04:10:40', '2025-07-06 04:10:40'),
(1605, 83, 33, 5, NULL, 'Chất liệu bền, đóng gói cẩn thận', 1, 1, 1, '2025-06-24 04:10:40', '2025-06-09 04:10:40'),
(1606, 83, 31, 5, NULL, 'Thiết kế đẹp, tiện dụng, dễ sử dụng', 1, 1, 1, '2025-06-26 04:10:40', '2025-07-04 04:10:40'),
(1607, 83, 26, 5, NULL, 'Giá tốt, chất lượng ổn định', 1, 1, 1, '2025-06-15 04:10:40', '2025-06-14 04:10:40'),
(1608, 83, 15, 5, NULL, 'Giá tốt, chất lượng ổn định', 1, 1, 1, '2025-06-13 04:10:40', '2025-06-21 04:10:40'),
(1609, 83, 23, 5, NULL, 'Chất liệu bền, đóng gói cẩn thận', 1, 1, 1, '2025-07-03 04:10:40', '2025-07-05 04:10:40'),
(1610, 83, 47, 5, NULL, 'Thiết kế đẹp, tiện dụng, dễ sử dụng', 1, 1, 1, '2025-07-02 04:10:40', '2025-07-05 04:10:40'),
(1611, 83, 37, 5, NULL, 'Dùng ổn định, tiết kiệm điện', 1, 1, 1, '2025-06-27 04:10:40', '2025-06-21 04:10:40'),
(1612, 83, 32, 5, NULL, 'Chất liệu bền, đóng gói cẩn thận', 1, 1, 1, '2025-06-24 04:10:40', '2025-06-10 04:10:40'),
(1613, 83, 4, 5, NULL, 'Giá tốt, chất lượng ổn định', 1, 1, 1, '2025-07-05 04:10:40', '2025-06-30 04:10:40'),
(1614, 83, 39, 5, NULL, 'Dùng ổn định, tiết kiệm điện', 1, 1, 1, '2025-07-05 04:10:40', '2025-06-19 04:10:40'),
(1615, 83, 28, 5, NULL, 'Sản phẩm chất lượng, hoạt động tốt', 1, 1, 1, '2025-06-26 04:10:40', '2025-06-27 04:10:40'),
(1616, 83, 41, 5, NULL, 'Thiết kế đẹp, tiện dụng, dễ sử dụng', 1, 1, 1, '2025-07-01 04:10:40', '2025-06-23 04:10:40'),
(1617, 83, 30, 5, NULL, 'Giá tốt, chất lượng ổn định', 1, 1, 1, '2025-06-29 04:10:40', '2025-06-16 04:10:40'),
(1618, 83, 43, 5, NULL, 'Sản phẩm chất lượng, hoạt động tốt', 1, 1, 1, '2025-06-13 04:10:40', '2025-06-25 04:10:40'),
(1619, 83, 17, 5, NULL, 'Giá tốt, chất lượng ổn định', 1, 1, 1, '2025-06-25 04:10:40', '2025-07-02 04:10:40'),
(1620, 83, 12, 5, NULL, 'Chất liệu bền, đóng gói cẩn thận', 1, 1, 1, '2025-06-14 04:10:40', '2025-06-26 04:10:40'),
(1621, 83, 50, 5, NULL, 'Thiết kế đẹp, tiện dụng, dễ sử dụng', 1, 1, 1, '2025-07-05 04:10:40', '2025-06-10 04:10:40'),
(1622, 83, 46, 5, NULL, 'Thiết kế đẹp, tiện dụng, dễ sử dụng', 1, 1, 1, '2025-06-11 04:10:40', '2025-06-12 04:10:40'),
(1624, 83, 16, 5, NULL, 'Giá tốt, chất lượng ổn định', 1, 1, 1, '2025-06-17 04:10:40', '2025-07-03 04:10:40'),
(1625, 83, 22, 5, NULL, 'Dùng ổn định, tiết kiệm điện', 1, 1, 1, '2025-06-17 04:10:40', '2025-07-05 04:10:40'),
(1626, 83, 51, 5, NULL, 'Giá tốt, chất lượng ổn định', 1, 1, 1, '2025-06-26 04:10:40', '2025-06-15 04:10:40'),
(1627, 83, 11, 5, NULL, 'Giá tốt, chất lượng ổn định', 1, 1, 1, '2025-07-05 04:10:40', '2025-06-21 04:10:40'),
(1628, 84, 50, 5, NULL, 'Dùng ổn định, tiết kiệm điện', 1, 1, 1, '2025-06-10 04:10:40', '2025-07-04 04:10:40'),
(1629, 84, 32, 5, NULL, 'Sản phẩm chất lượng, hoạt động tốt', 1, 1, 1, '2025-06-23 04:10:40', '2025-07-08 04:10:40'),
(1630, 84, 10, 5, NULL, 'Dùng ổn định, tiết kiệm điện', 1, 1, 1, '2025-06-28 04:10:40', '2025-06-30 04:10:40'),
(1631, 84, 36, 5, NULL, 'Chất liệu bền, đóng gói cẩn thận', 1, 1, 1, '2025-06-30 04:10:40', '2025-07-04 04:10:40'),
(1632, 84, 29, 5, NULL, 'Thiết kế đẹp, tiện dụng, dễ sử dụng', 1, 1, 1, '2025-07-03 04:10:40', '2025-06-20 04:10:40'),
(1633, 84, 42, 5, NULL, 'Chất liệu bền, đóng gói cẩn thận', 1, 1, 1, '2025-07-08 04:10:40', '2025-06-14 04:10:40'),
(1634, 84, 41, 5, NULL, 'Sản phẩm chất lượng, hoạt động tốt', 1, 1, 1, '2025-06-27 04:10:40', '2025-06-10 04:10:40'),
(1635, 84, 19, 5, NULL, 'Dùng ổn định, tiết kiệm điện', 1, 1, 1, '2025-06-29 04:10:40', '2025-06-21 04:10:40'),
(1636, 84, 45, 5, NULL, 'Giá tốt, chất lượng ổn định', 1, 1, 1, '2025-07-02 04:10:40', '2025-07-05 04:10:40'),
(1637, 84, 26, 5, NULL, 'Dùng ổn định, tiết kiệm điện', 1, 1, 1, '2025-07-03 04:10:40', '2025-07-01 04:10:40'),
(1638, 84, 11, 5, NULL, 'Thiết kế đẹp, tiện dụng, dễ sử dụng', 1, 1, 1, '2025-06-14 04:10:40', '2025-07-01 04:10:40'),
(1639, 84, 8, 5, NULL, 'Thiết kế đẹp, tiện dụng, dễ sử dụng', 1, 1, 1, '2025-06-17 04:10:40', '2025-06-10 04:10:40'),
(1640, 84, 43, 5, NULL, 'Thiết kế đẹp, tiện dụng, dễ sử dụng', 1, 1, 1, '2025-07-06 04:10:40', '2025-06-21 04:10:40'),
(1641, 84, 16, 5, NULL, 'Dùng ổn định, tiết kiệm điện', 1, 1, 1, '2025-06-29 04:10:40', '2025-07-03 04:10:40'),
(1642, 84, 21, 5, NULL, 'Chất liệu bền, đóng gói cẩn thận', 1, 1, 1, '2025-06-30 04:10:40', '2025-06-11 04:10:40'),
(1643, 84, 17, 5, NULL, 'Chất liệu bền, đóng gói cẩn thận', 1, 1, 1, '2025-06-29 04:10:40', '2025-07-02 04:10:40'),
(1644, 84, 14, 5, NULL, 'Sản phẩm chất lượng, hoạt động tốt', 1, 1, 1, '2025-06-13 04:10:40', '2025-06-22 04:10:40'),
(1645, 84, 25, 5, NULL, 'Giá tốt, chất lượng ổn định', 1, 1, 1, '2025-06-29 04:10:40', '2025-06-10 04:10:40'),
(1646, 84, 30, 5, NULL, 'Chất liệu bền, đóng gói cẩn thận', 1, 1, 1, '2025-06-22 04:10:40', '2025-06-19 04:10:40'),
(1647, 84, 20, 5, NULL, 'Thiết kế đẹp, tiện dụng, dễ sử dụng', 1, 1, 1, '2025-06-25 04:10:40', '2025-07-02 04:10:40'),
(1648, 84, 7, 5, NULL, 'Giá tốt, chất lượng ổn định', 1, 1, 1, '2025-07-02 04:10:40', '2025-06-12 04:10:40'),
(1649, 84, 33, 5, NULL, 'Dùng ổn định, tiết kiệm điện', 1, 1, 1, '2025-07-05 04:10:40', '2025-07-05 04:10:40'),
(1650, 84, 13, 5, NULL, 'Dùng ổn định, tiết kiệm điện', 1, 1, 1, '2025-06-27 04:10:40', '2025-06-28 04:10:40'),
(1651, 84, 35, 5, NULL, 'Chất liệu bền, đóng gói cẩn thận', 1, 1, 1, '2025-06-26 04:10:40', '2025-06-30 04:10:40'),
(1652, 84, 9, 5, NULL, 'Thiết kế đẹp, tiện dụng, dễ sử dụng', 1, 1, 1, '2025-06-20 04:10:40', '2025-06-25 04:10:40'),
(1653, 84, 48, 5, NULL, 'Dùng ổn định, tiết kiệm điện', 1, 1, 1, '2025-06-18 04:10:40', '2025-07-01 04:10:40'),
(1654, 84, 27, 5, NULL, 'Giá tốt, chất lượng ổn định', 1, 1, 1, '2025-06-12 04:10:40', '2025-07-02 04:10:40'),
(1655, 84, 34, 5, NULL, 'Sản phẩm chất lượng, hoạt động tốt', 1, 1, 1, '2025-06-27 04:10:40', '2025-07-05 04:10:40'),
(1656, 84, 12, 5, NULL, 'Giá tốt, chất lượng ổn định', 1, 1, 1, '2025-06-22 04:10:41', '2025-06-16 04:10:41'),
(1657, 84, 6, 5, NULL, 'Chất liệu bền, đóng gói cẩn thận', 1, 1, 1, '2025-07-07 04:10:41', '2025-06-17 04:10:41'),
(1658, 84, 51, 5, NULL, 'Thiết kế đẹp, tiện dụng, dễ sử dụng', 1, 1, 1, '2025-06-30 04:10:41', '2025-07-06 04:10:41'),
(1660, 84, 24, 5, NULL, 'Dùng ổn định, tiết kiệm điện', 1, 1, 1, '2025-06-13 04:10:41', '2025-07-08 04:10:41'),
(1661, 84, 44, 5, NULL, 'Dùng ổn định, tiết kiệm điện', 1, 1, 1, '2025-07-07 04:10:41', '2025-06-17 04:10:41'),
(1662, 84, 1, 5, NULL, 'Chất liệu bền, đóng gói cẩn thận', 1, 1, 1, '2025-06-10 04:10:41', '2025-06-14 04:10:41'),
(1663, 84, 38, 5, NULL, 'Sản phẩm chất lượng, hoạt động tốt', 1, 1, 1, '2025-06-21 04:10:41', '2025-06-25 04:10:41'),
(1664, 84, 49, 5, NULL, 'Dùng ổn định, tiết kiệm điện', 1, 1, 1, '2025-06-25 04:10:41', '2025-07-03 04:10:41'),
(1665, 84, 39, 5, NULL, 'Sản phẩm chất lượng, hoạt động tốt', 1, 1, 1, '2025-06-17 04:10:41', '2025-06-28 04:10:41'),
(1666, 84, 5, 5, NULL, 'Chất liệu bền, đóng gói cẩn thận', 1, 1, 1, '2025-06-19 04:10:41', '2025-06-14 04:10:41'),
(1667, 84, 18, 5, NULL, 'Giá tốt, chất lượng ổn định', 1, 1, 1, '2025-06-30 04:10:41', '2025-07-08 04:10:41'),
(1668, 84, 40, 5, NULL, 'Giá tốt, chất lượng ổn định', 1, 1, 1, '2025-06-23 04:10:41', '2025-06-29 04:10:41'),
(1669, 84, 37, 5, NULL, 'Chất liệu bền, đóng gói cẩn thận', 1, 1, 1, '2025-06-25 04:10:41', '2025-06-26 04:10:41'),
(1670, 84, 47, 5, NULL, 'Thiết kế đẹp, tiện dụng, dễ sử dụng', 1, 1, 1, '2025-06-29 04:10:41', '2025-06-21 04:10:41'),
(1671, 84, 4, 5, NULL, 'Chất liệu bền, đóng gói cẩn thận', 1, 1, 1, '2025-06-28 04:10:41', '2025-06-16 04:10:41'),
(1672, 84, 15, 5, NULL, 'Dùng ổn định, tiết kiệm điện', 1, 1, 1, '2025-06-09 04:10:41', '2025-06-15 04:10:41'),
(1673, 84, 23, 5, NULL, 'Dùng ổn định, tiết kiệm điện', 1, 1, 1, '2025-06-15 04:10:41', '2025-07-06 04:10:41'),
(1674, 84, 31, 5, NULL, 'Sản phẩm chất lượng, hoạt động tốt', 1, 1, 1, '2025-06-25 04:10:41', '2025-06-23 04:10:41'),
(1675, 84, 46, 5, NULL, 'Thiết kế đẹp, tiện dụng, dễ sử dụng', 1, 1, 1, '2025-06-28 04:10:41', '2025-06-09 04:10:41'),
(1676, 84, 22, 5, NULL, 'Chất liệu bền, đóng gói cẩn thận', 1, 1, 1, '2025-07-03 04:10:41', '2025-06-19 04:10:41'),
(1677, 84, 28, 5, NULL, 'Dùng ổn định, tiết kiệm điện', 1, 1, 1, '2025-07-07 04:10:41', '2025-06-27 04:10:41'),
(1678, 85, 15, 5, NULL, 'Giá tốt, chất lượng ổn định', 1, 1, 1, '2025-06-21 04:10:41', '2025-07-03 04:10:41'),
(1679, 85, 21, 5, NULL, 'Dùng ổn định, tiết kiệm điện', 1, 1, 1, '2025-06-14 04:10:41', '2025-07-02 04:10:41'),
(1680, 85, 1, 5, NULL, 'Giá tốt, chất lượng ổn định', 1, 1, 1, '2025-06-26 04:10:41', '2025-07-07 04:10:41'),
(1681, 85, 22, 5, NULL, 'Thiết kế đẹp, tiện dụng, dễ sử dụng', 1, 1, 1, '2025-06-23 04:10:41', '2025-07-08 04:10:41'),
(1682, 85, 28, 5, NULL, 'Dùng ổn định, tiết kiệm điện', 1, 1, 1, '2025-07-04 04:10:41', '2025-07-03 04:10:41'),
(1683, 85, 24, 5, NULL, 'Giá tốt, chất lượng ổn định', 1, 1, 1, '2025-06-24 04:10:41', '2025-07-05 04:10:41'),
(1684, 85, 25, 5, NULL, 'Dùng ổn định, tiết kiệm điện', 1, 1, 1, '2025-06-13 04:10:41', '2025-06-17 04:10:41'),
(1685, 85, 8, 5, NULL, 'Giá tốt, chất lượng ổn định', 1, 1, 1, '2025-06-17 04:10:41', '2025-06-23 04:10:41'),
(1686, 85, 26, 5, NULL, 'Giá tốt, chất lượng ổn định', 1, 1, 1, '2025-06-21 04:10:41', '2025-06-19 04:10:41'),
(1687, 85, 20, 5, NULL, 'Giá tốt, chất lượng ổn định', 1, 1, 1, '2025-06-23 04:10:41', '2025-06-14 04:10:41'),
(1688, 85, 33, 5, NULL, 'Dùng ổn định, tiết kiệm điện', 1, 1, 1, '2025-07-03 04:10:41', '2025-06-24 04:10:41'),
(1689, 85, 23, 5, NULL, 'Chất liệu bền, đóng gói cẩn thận', 1, 1, 1, '2025-07-03 04:10:41', '2025-07-08 04:10:41'),
(1690, 85, 31, 5, NULL, 'Chất liệu bền, đóng gói cẩn thận', 1, 1, 1, '2025-06-17 04:10:41', '2025-06-26 04:10:41'),
(1691, 85, 40, 5, NULL, 'Giá tốt, chất lượng ổn định', 1, 1, 1, '2025-06-19 04:10:41', '2025-06-11 04:10:41'),
(1692, 85, 18, 5, NULL, 'Sản phẩm chất lượng, hoạt động tốt', 1, 1, 1, '2025-06-17 04:10:41', '2025-07-06 04:10:41'),
(1693, 85, 7, 5, NULL, 'Giá tốt, chất lượng ổn định', 1, 1, 1, '2025-06-14 04:10:41', '2025-06-21 04:10:41'),
(1694, 85, 30, 5, NULL, 'Dùng ổn định, tiết kiệm điện', 1, 1, 1, '2025-06-11 04:10:41', '2025-06-24 04:10:41'),
(1695, 85, 49, 5, NULL, 'Chất liệu bền, đóng gói cẩn thận', 1, 1, 1, '2025-06-10 04:10:41', '2025-06-15 04:10:41'),
(1696, 85, 12, 5, NULL, 'Dùng ổn định, tiết kiệm điện', 1, 1, 1, '2025-06-27 04:10:41', '2025-06-18 04:10:41'),
(1697, 85, 17, 5, NULL, 'Chất liệu bền, đóng gói cẩn thận', 1, 1, 1, '2025-06-24 04:10:41', '2025-06-22 04:10:41'),
(1698, 85, 29, 5, NULL, 'Dùng ổn định, tiết kiệm điện', 1, 1, 1, '2025-07-02 04:10:41', '2025-06-11 04:10:41'),
(1699, 85, 48, 5, NULL, 'Giá tốt, chất lượng ổn định', 1, 1, 1, '2025-06-12 04:10:41', '2025-06-24 04:10:41'),
(1700, 85, 38, 5, NULL, 'Thiết kế đẹp, tiện dụng, dễ sử dụng', 1, 1, 1, '2025-07-06 04:10:41', '2025-06-16 04:10:41'),
(1701, 85, 36, 5, NULL, 'Chất liệu bền, đóng gói cẩn thận', 1, 1, 1, '2025-07-05 04:10:41', '2025-06-15 04:10:41'),
(1702, 85, 47, 5, NULL, 'Sản phẩm chất lượng, hoạt động tốt', 1, 1, 1, '2025-07-07 04:10:41', '2025-06-20 04:10:41'),
(1703, 85, 45, 5, NULL, 'Giá tốt, chất lượng ổn định', 1, 1, 1, '2025-06-11 04:10:41', '2025-07-07 04:10:41'),
(1704, 85, 4, 5, NULL, 'Giá tốt, chất lượng ổn định', 1, 1, 1, '2025-06-26 04:10:41', '2025-07-04 04:10:41'),
(1705, 85, 13, 5, NULL, 'Dùng ổn định, tiết kiệm điện', 1, 1, 1, '2025-06-15 04:10:41', '2025-06-26 04:10:41'),
(1706, 85, 51, 5, NULL, 'Giá tốt, chất lượng ổn định', 1, 1, 1, '2025-06-12 04:10:41', '2025-06-12 04:10:41'),
(1707, 85, 14, 5, NULL, 'Dùng ổn định, tiết kiệm điện', 1, 1, 1, '2025-07-06 04:10:41', '2025-07-05 04:10:41'),
(1708, 85, 19, 5, NULL, 'Giá tốt, chất lượng ổn định', 1, 1, 1, '2025-06-29 04:10:41', '2025-06-29 04:10:41'),
(1709, 85, 11, 5, NULL, 'Thiết kế đẹp, tiện dụng, dễ sử dụng', 1, 1, 1, '2025-06-13 04:10:41', '2025-06-27 04:10:41'),
(1710, 85, 6, 5, NULL, 'Sản phẩm chất lượng, hoạt động tốt', 1, 1, 1, '2025-07-07 04:10:41', '2025-07-02 04:10:41'),
(1712, 85, 42, 4, NULL, 'Chất liệu bền, đóng gói cẩn thận', 1, 1, 1, '2025-07-01 04:10:41', '2025-06-25 04:10:41'),
(1713, 85, 5, 4, NULL, 'Thiết kế đẹp, tiện dụng, dễ sử dụng', 1, 1, 1, '2025-06-28 04:10:41', '2025-07-05 04:10:41'),
(1714, 85, 32, 4, NULL, 'Sản phẩm chất lượng, hoạt động tốt', 1, 1, 1, '2025-06-27 04:10:41', '2025-07-06 04:10:41'),
(1715, 85, 27, 4, NULL, 'Chất liệu bền, đóng gói cẩn thận', 1, 1, 1, '2025-07-06 04:10:41', '2025-06-13 04:10:41'),
(1716, 85, 37, 4, NULL, 'Thiết kế đẹp, tiện dụng, dễ sử dụng', 1, 1, 1, '2025-06-21 04:10:41', '2025-06-29 04:10:41'),
(1717, 85, 16, 4, NULL, 'Chất liệu bền, đóng gói cẩn thận', 1, 1, 1, '2025-06-22 04:10:41', '2025-07-03 04:10:41'),
(1718, 85, 10, 4, NULL, 'Thiết kế đẹp, tiện dụng, dễ sử dụng', 1, 1, 1, '2025-06-19 04:10:41', '2025-07-08 04:10:41'),
(1719, 85, 50, 4, NULL, 'Sản phẩm chất lượng, hoạt động tốt', 1, 1, 1, '2025-06-26 04:10:41', '2025-06-21 04:10:41'),
(1720, 85, 34, 4, NULL, 'Sản phẩm chất lượng, hoạt động tốt', 1, 1, 1, '2025-06-26 04:10:41', '2025-06-27 04:10:41'),
(1721, 85, 39, 4, NULL, 'Chất liệu bền, đóng gói cẩn thận', 1, 1, 1, '2025-06-17 04:10:41', '2025-06-21 04:10:41'),
(1722, 85, 44, 4, NULL, 'Dùng ổn định, tiết kiệm điện', 1, 1, 1, '2025-06-30 04:10:41', '2025-06-23 04:10:41'),
(1723, 85, 9, 4, NULL, 'Giá tốt, chất lượng ổn định', 1, 1, 1, '2025-06-28 04:10:41', '2025-06-29 04:10:41'),
(1724, 85, 43, 4, NULL, 'Sản phẩm chất lượng, hoạt động tốt', 1, 1, 1, '2025-06-15 04:10:41', '2025-06-17 04:10:41'),
(1725, 85, 41, 4, NULL, 'Thiết kế đẹp, tiện dụng, dễ sử dụng', 1, 1, 1, '2025-06-26 04:10:41', '2025-07-02 04:10:41'),
(1726, 85, 46, 4, NULL, 'Giá tốt, chất lượng ổn định', 1, 1, 1, '2025-06-18 04:10:41', '2025-06-22 04:10:41'),
(1727, 85, 35, 4, NULL, 'Chất liệu bền, đóng gói cẩn thận', 1, 1, 1, '2025-07-05 04:10:41', '2025-06-12 04:10:41'),
(1728, 86, 20, 5, NULL, 'Chất lượng giấy tốt, in rõ nét', 1, 1, 1, '2025-06-27 04:10:41', '2025-06-18 04:10:41'),
(1729, 86, 30, 5, NULL, 'Sách chất lượng, giao hàng nhanh', 1, 1, 1, '2025-06-18 04:10:41', '2025-06-14 04:10:41'),
(1731, 86, 36, 5, NULL, 'Kiến thức bổ ích, dễ hiểu', 1, 1, 1, '2025-06-19 04:10:41', '2025-06-20 04:10:41'),
(1732, 86, 26, 5, NULL, 'Sách hay, nội dung bổ ích, đóng gói tốt', 1, 1, 1, '2025-06-17 04:10:41', '2025-06-28 04:10:41'),
(1733, 86, 9, 5, NULL, 'Nội dung thú vị, đáng đọc', 1, 1, 1, '2025-06-16 04:10:41', '2025-06-30 04:10:41'),
(1734, 86, 32, 5, NULL, 'Nội dung thú vị, đáng đọc', 1, 1, 1, '2025-06-09 04:10:41', '2025-06-10 04:10:41'),
(1735, 86, 51, 5, NULL, 'Nội dung thú vị, đáng đọc', 1, 1, 1, '2025-06-27 04:10:41', '2025-06-14 04:10:41'),
(1736, 86, 19, 5, NULL, 'Nội dung thú vị, đáng đọc', 1, 1, 1, '2025-06-14 04:10:41', '2025-07-06 04:10:41'),
(1737, 86, 28, 5, NULL, 'Sách chất lượng, giao hàng nhanh', 1, 1, 1, '2025-06-13 04:10:41', '2025-06-19 04:10:41'),
(1738, 86, 7, 5, NULL, 'Sách chất lượng, giao hàng nhanh', 1, 1, 1, '2025-06-22 04:10:41', '2025-06-09 04:10:41'),
(1739, 86, 49, 5, NULL, 'Nội dung thú vị, đáng đọc', 1, 1, 1, '2025-06-24 04:10:41', '2025-07-04 04:10:41'),
(1740, 86, 16, 5, NULL, 'Sách chất lượng, giao hàng nhanh', 1, 1, 1, '2025-07-05 04:10:41', '2025-06-22 04:10:41'),
(1741, 86, 41, 5, NULL, 'Sách chất lượng, giao hàng nhanh', 1, 1, 1, '2025-06-21 04:10:41', '2025-06-28 04:10:41'),
(1742, 86, 23, 5, NULL, 'Kiến thức bổ ích, dễ hiểu', 1, 1, 1, '2025-06-28 04:10:41', '2025-06-30 04:10:41'),
(1743, 86, 17, 5, NULL, 'Sách chất lượng, giao hàng nhanh', 1, 1, 1, '2025-06-26 04:10:41', '2025-06-24 04:10:41'),
(1744, 86, 10, 5, NULL, 'Kiến thức bổ ích, dễ hiểu', 1, 1, 1, '2025-07-04 04:10:41', '2025-06-16 04:10:41'),
(1745, 86, 21, 5, NULL, 'Kiến thức bổ ích, dễ hiểu', 1, 1, 1, '2025-06-14 04:10:41', '2025-07-03 04:10:41'),
(1746, 86, 22, 5, NULL, 'Kiến thức bổ ích, dễ hiểu', 1, 1, 1, '2025-06-29 04:10:41', '2025-07-05 04:10:41'),
(1747, 86, 48, 5, NULL, 'Chất lượng giấy tốt, in rõ nét', 1, 1, 1, '2025-06-14 04:10:41', '2025-06-18 04:10:41'),
(1748, 86, 50, 5, NULL, 'Kiến thức bổ ích, dễ hiểu', 1, 1, 1, '2025-06-22 04:10:41', '2025-06-09 04:10:41'),
(1749, 86, 4, 5, NULL, 'Nội dung thú vị, đáng đọc', 1, 1, 1, '2025-06-13 04:10:41', '2025-07-01 04:10:41'),
(1750, 86, 34, 5, NULL, 'Nội dung thú vị, đáng đọc', 1, 1, 1, '2025-06-09 04:10:41', '2025-06-26 04:10:41'),
(1751, 86, 13, 5, NULL, 'Kiến thức bổ ích, dễ hiểu', 1, 1, 1, '2025-06-25 04:10:41', '2025-06-16 04:10:41'),
(1752, 86, 15, 5, NULL, 'Sách chất lượng, giao hàng nhanh', 1, 1, 1, '2025-07-07 04:10:41', '2025-06-21 04:10:41'),
(1753, 86, 27, 5, NULL, 'Kiến thức bổ ích, dễ hiểu', 1, 1, 1, '2025-06-20 04:10:41', '2025-07-02 04:10:41'),
(1754, 86, 38, 5, NULL, 'Sách chất lượng, giao hàng nhanh', 1, 1, 1, '2025-06-27 04:10:41', '2025-07-03 04:10:41'),
(1755, 86, 42, 5, NULL, 'Kiến thức bổ ích, dễ hiểu', 1, 1, 1, '2025-06-28 04:10:41', '2025-06-25 04:10:41'),
(1756, 86, 39, 5, NULL, 'Sách hay, nội dung bổ ích, đóng gói tốt', 1, 1, 1, '2025-06-18 04:10:41', '2025-07-07 04:10:41'),
(1757, 86, 46, 5, NULL, 'Kiến thức bổ ích, dễ hiểu', 1, 1, 1, '2025-06-09 04:10:41', '2025-07-04 04:10:41'),
(1758, 86, 24, 5, NULL, 'Sách hay, nội dung bổ ích, đóng gói tốt', 1, 1, 1, '2025-06-28 04:10:41', '2025-06-12 04:10:41'),
(1759, 86, 44, 5, NULL, 'Sách chất lượng, giao hàng nhanh', 1, 1, 1, '2025-06-29 04:10:41', '2025-06-17 04:10:41'),
(1760, 86, 12, 5, NULL, 'Chất lượng giấy tốt, in rõ nét', 1, 1, 1, '2025-07-07 04:10:41', '2025-06-24 04:10:41'),
(1761, 86, 31, 5, NULL, 'Chất lượng giấy tốt, in rõ nét', 1, 1, 1, '2025-06-18 04:10:41', '2025-07-08 04:10:41'),
(1762, 86, 45, 5, NULL, 'Kiến thức bổ ích, dễ hiểu', 1, 1, 1, '2025-07-07 04:10:41', '2025-06-26 04:10:41'),
(1763, 86, 25, 5, NULL, 'Sách hay, nội dung bổ ích, đóng gói tốt', 1, 1, 1, '2025-07-08 04:10:41', '2025-06-20 04:10:41'),
(1764, 86, 5, 5, NULL, 'Kiến thức bổ ích, dễ hiểu', 1, 1, 1, '2025-06-17 04:10:41', '2025-06-24 04:10:41'),
(1765, 86, 11, 5, NULL, 'Sách hay, nội dung bổ ích, đóng gói tốt', 1, 1, 1, '2025-06-24 04:10:41', '2025-06-18 04:10:41'),
(1766, 86, 47, 5, NULL, 'Nội dung thú vị, đáng đọc', 1, 1, 1, '2025-06-21 04:10:41', '2025-07-01 04:10:41'),
(1767, 86, 35, 5, NULL, 'Chất lượng giấy tốt, in rõ nét', 1, 1, 1, '2025-07-07 04:10:41', '2025-06-15 04:10:41'),
(1768, 86, 40, 5, NULL, 'Sách hay, nội dung bổ ích, đóng gói tốt', 1, 1, 1, '2025-06-09 04:10:41', '2025-06-27 04:10:41'),
(1769, 86, 14, 5, NULL, 'Chất lượng giấy tốt, in rõ nét', 1, 1, 1, '2025-07-03 04:10:41', '2025-07-02 04:10:41'),
(1770, 86, 33, 5, NULL, 'Sách chất lượng, giao hàng nhanh', 1, 1, 1, '2025-06-10 04:10:41', '2025-06-17 04:10:41'),
(1771, 86, 1, 5, NULL, 'Kiến thức bổ ích, dễ hiểu', 1, 1, 1, '2025-07-01 04:10:41', '2025-06-21 04:10:41'),
(1772, 86, 18, 5, NULL, 'Nội dung thú vị, đáng đọc', 1, 1, 1, '2025-07-06 04:10:41', '2025-06-14 04:10:41'),
(1773, 86, 29, 5, NULL, 'Kiến thức bổ ích, dễ hiểu', 1, 1, 1, '2025-06-25 04:10:42', '2025-06-09 04:10:42'),
(1774, 86, 6, 5, NULL, 'Nội dung thú vị, đáng đọc', 1, 1, 1, '2025-07-02 04:10:42', '2025-06-24 04:10:42'),
(1775, 86, 43, 5, NULL, 'Chất lượng giấy tốt, in rõ nét', 1, 1, 1, '2025-06-25 04:10:42', '2025-07-01 04:10:42'),
(1776, 86, 8, 4, NULL, 'Sách chất lượng, giao hàng nhanh', 1, 1, 1, '2025-06-25 04:10:42', '2025-07-05 04:10:42'),
(1777, 86, 37, 4, NULL, 'Kiến thức bổ ích, dễ hiểu', 1, 1, 1, '2025-06-16 04:10:42', '2025-06-19 04:10:42'),
(1778, 87, 26, 5, NULL, 'Chất lượng giấy tốt, in rõ nét', 1, 1, 1, '2025-06-15 04:10:42', '2025-06-12 04:10:42'),
(1779, 87, 29, 5, NULL, 'Chất lượng giấy tốt, in rõ nét', 1, 1, 1, '2025-07-02 04:10:42', '2025-06-21 04:10:42'),
(1780, 87, 32, 5, NULL, 'Nội dung thú vị, đáng đọc', 1, 1, 1, '2025-06-26 04:10:42', '2025-06-20 04:10:42'),
(1781, 87, 45, 5, NULL, 'Sách hay, nội dung bổ ích, đóng gói tốt', 1, 1, 1, '2025-06-12 04:10:42', '2025-06-10 04:10:42'),
(1782, 87, 9, 5, NULL, 'Sách chất lượng, giao hàng nhanh', 1, 1, 1, '2025-06-19 04:10:42', '2025-06-22 04:10:42'),
(1783, 87, 48, 5, NULL, 'Nội dung thú vị, đáng đọc', 1, 1, 1, '2025-06-28 04:10:42', '2025-06-19 04:10:42'),
(1784, 87, 6, 5, NULL, 'Nội dung thú vị, đáng đọc', 1, 1, 1, '2025-07-01 04:10:42', '2025-07-05 04:10:42'),
(1785, 87, 19, 5, NULL, 'Sách hay, nội dung bổ ích, đóng gói tốt', 1, 1, 1, '2025-07-04 04:10:42', '2025-06-30 04:10:42'),
(1786, 87, 11, 5, NULL, 'Sách chất lượng, giao hàng nhanh', 1, 1, 1, '2025-07-06 04:10:42', '2025-06-09 04:10:42'),
(1787, 87, 22, 5, NULL, 'Kiến thức bổ ích, dễ hiểu', 1, 1, 1, '2025-06-28 04:10:42', '2025-06-24 04:10:42'),
(1788, 87, 37, 5, NULL, 'Sách hay, nội dung bổ ích, đóng gói tốt', 1, 1, 1, '2025-06-16 04:10:42', '2025-06-23 04:10:42'),
(1789, 87, 15, 5, NULL, 'Nội dung thú vị, đáng đọc', 1, 1, 1, '2025-07-06 04:10:42', '2025-06-28 04:10:42');
INSERT INTO `reviews` (`id`, `product_id`, `user_id`, `rating`, `title`, `comment`, `is_verified_purchase`, `is_recommended`, `is_approved`, `created_at`, `updated_at`) VALUES
(1790, 87, 51, 5, NULL, 'Sách hay, nội dung bổ ích, đóng gói tốt', 1, 1, 1, '2025-07-03 04:10:42', '2025-07-02 04:10:42'),
(1791, 87, 28, 5, NULL, 'Chất lượng giấy tốt, in rõ nét', 1, 1, 1, '2025-07-07 04:10:42', '2025-07-07 04:10:42'),
(1792, 87, 47, 5, NULL, 'Sách hay, nội dung bổ ích, đóng gói tốt', 1, 1, 1, '2025-06-15 04:10:42', '2025-07-03 04:10:42'),
(1793, 87, 42, 4, NULL, 'Sách hay, nội dung bổ ích, đóng gói tốt', 1, 1, 1, '2025-06-13 04:10:42', '2025-07-07 04:10:42'),
(1794, 87, 16, 4, NULL, 'Nội dung thú vị, đáng đọc', 1, 1, 1, '2025-06-18 04:10:42', '2025-07-07 04:10:42'),
(1795, 87, 35, 4, NULL, 'Sách chất lượng, giao hàng nhanh', 1, 1, 1, '2025-06-16 04:10:42', '2025-06-28 04:10:42'),
(1796, 87, 10, 4, NULL, 'Chất lượng giấy tốt, in rõ nét', 1, 1, 1, '2025-07-03 04:10:42', '2025-06-24 04:10:42'),
(1797, 87, 14, 4, NULL, 'Nội dung thú vị, đáng đọc', 1, 1, 1, '2025-06-22 04:10:42', '2025-06-16 04:10:42'),
(1798, 87, 18, 4, NULL, 'Kiến thức bổ ích, dễ hiểu', 1, 1, 1, '2025-06-20 04:10:42', '2025-06-14 04:10:42'),
(1799, 87, 30, 4, NULL, 'Sách hay, nội dung bổ ích, đóng gói tốt', 1, 1, 1, '2025-06-11 04:10:42', '2025-07-06 04:10:42'),
(1800, 87, 25, 4, NULL, 'Sách hay, nội dung bổ ích, đóng gói tốt', 1, 1, 1, '2025-06-13 04:10:42', '2025-06-30 04:10:42'),
(1801, 87, 21, 4, NULL, 'Nội dung thú vị, đáng đọc', 1, 1, 1, '2025-06-24 04:10:42', '2025-07-06 04:10:42'),
(1802, 87, 39, 4, NULL, 'Chất lượng giấy tốt, in rõ nét', 1, 1, 1, '2025-07-07 04:10:42', '2025-06-23 04:10:42'),
(1803, 87, 38, 4, NULL, 'Sách hay, nội dung bổ ích, đóng gói tốt', 1, 1, 1, '2025-06-20 04:10:42', '2025-06-21 04:10:42'),
(1804, 87, 31, 4, NULL, 'Sách chất lượng, giao hàng nhanh', 1, 1, 1, '2025-06-28 04:10:42', '2025-07-01 04:10:42'),
(1806, 87, 34, 4, NULL, 'Kiến thức bổ ích, dễ hiểu', 1, 1, 1, '2025-06-22 04:10:42', '2025-07-07 04:10:42'),
(1807, 87, 5, 4, NULL, 'Nội dung thú vị, đáng đọc', 1, 1, 1, '2025-07-05 04:10:42', '2025-06-15 04:10:42'),
(1808, 87, 40, 4, NULL, 'Kiến thức bổ ích, dễ hiểu', 1, 1, 1, '2025-07-03 04:10:42', '2025-06-28 04:10:42'),
(1809, 87, 36, 4, NULL, 'Kiến thức bổ ích, dễ hiểu', 1, 1, 1, '2025-07-04 04:10:42', '2025-07-04 04:10:42'),
(1810, 87, 20, 4, NULL, 'Kiến thức bổ ích, dễ hiểu', 1, 1, 1, '2025-06-13 04:10:42', '2025-06-19 04:10:42'),
(1811, 87, 23, 4, NULL, 'Sách hay, nội dung bổ ích, đóng gói tốt', 1, 1, 1, '2025-06-22 04:10:42', '2025-06-20 04:10:42'),
(1812, 87, 4, 4, NULL, 'Chất lượng giấy tốt, in rõ nét', 1, 1, 1, '2025-06-28 04:10:42', '2025-06-30 04:10:42'),
(1813, 87, 24, 4, NULL, 'Kiến thức bổ ích, dễ hiểu', 1, 1, 1, '2025-06-16 04:10:42', '2025-06-15 04:10:42'),
(1814, 87, 7, 3, NULL, 'Chất lượng in khá, giá hợp lý', 1, 1, 1, '2025-06-23 04:10:42', '2025-06-14 04:10:42'),
(1815, 87, 41, 3, NULL, 'Sách ổn, nội dung tạm được', 1, 1, 1, '2025-06-16 04:10:42', '2025-06-09 04:10:42'),
(1816, 87, 44, 3, NULL, 'Chất lượng in khá, giá hợp lý', 1, 1, 1, '2025-07-02 04:10:42', '2025-06-09 04:10:42'),
(1817, 87, 17, 3, NULL, 'Sách ổn, nội dung tạm được', 1, 1, 1, '2025-06-13 04:10:42', '2025-06-19 04:10:42'),
(1818, 87, 27, 3, NULL, 'Sách ổn, nội dung tạm được', 1, 1, 1, '2025-06-26 04:10:42', '2025-06-16 04:10:42'),
(1819, 87, 13, 3, NULL, 'Chất lượng in khá, giá hợp lý', 1, 1, 1, '2025-06-15 04:10:42', '2025-07-08 04:10:42'),
(1820, 87, 12, 3, NULL, 'Chất lượng in khá, giá hợp lý', 1, 1, 1, '2025-06-24 04:10:42', '2025-06-12 04:10:42'),
(1821, 87, 49, 3, NULL, 'Sách ổn, nội dung tạm được', 1, 1, 1, '2025-06-28 04:10:42', '2025-07-03 04:10:42'),
(1822, 87, 1, 3, NULL, 'Chất lượng in khá, giá hợp lý', 1, 1, 1, '2025-06-23 04:10:42', '2025-06-14 04:10:42'),
(1823, 87, 46, 3, NULL, 'Chất lượng in khá, giá hợp lý', 1, 1, 1, '2025-06-12 04:10:42', '2025-06-22 04:10:42'),
(1824, 87, 8, 3, NULL, 'Chất lượng in khá, giá hợp lý', 1, 1, 1, '2025-06-26 04:10:42', '2025-06-26 04:10:42'),
(1825, 87, 43, 3, NULL, 'Sách ổn, nội dung tạm được', 1, 1, 1, '2025-07-08 04:10:42', '2025-07-01 04:10:42'),
(1826, 87, 33, 3, NULL, 'Sách ổn, nội dung tạm được', 1, 1, 1, '2025-07-08 04:10:42', '2025-06-23 04:10:42'),
(1827, 87, 50, 3, NULL, 'Sách ổn, nội dung tạm được', 1, 1, 1, '2025-07-04 04:10:42', '2025-06-14 04:10:42'),
(1828, 88, 15, 5, NULL, 'Kiến thức bổ ích, dễ hiểu', 1, 1, 1, '2025-06-20 04:10:42', '2025-07-05 04:10:42'),
(1829, 88, 38, 5, NULL, 'Kiến thức bổ ích, dễ hiểu', 1, 1, 1, '2025-07-08 04:10:42', '2025-06-25 04:10:42'),
(1830, 88, 23, 5, NULL, 'Nội dung thú vị, đáng đọc', 1, 1, 1, '2025-06-27 04:10:42', '2025-06-18 04:10:42'),
(1831, 88, 32, 5, NULL, 'Nội dung thú vị, đáng đọc', 1, 1, 1, '2025-07-02 04:10:42', '2025-06-26 04:10:42'),
(1832, 88, 27, 5, NULL, 'Chất lượng giấy tốt, in rõ nét', 1, 1, 1, '2025-06-27 04:10:42', '2025-06-22 04:10:42'),
(1833, 88, 46, 5, NULL, 'Sách chất lượng, giao hàng nhanh', 1, 1, 1, '2025-06-11 04:10:42', '2025-06-12 04:10:42'),
(1834, 88, 8, 5, NULL, 'Sách hay, nội dung bổ ích, đóng gói tốt', 1, 1, 1, '2025-07-06 04:10:42', '2025-07-05 04:10:42'),
(1835, 88, 4, 5, NULL, 'Sách chất lượng, giao hàng nhanh', 1, 1, 1, '2025-06-29 04:10:42', '2025-06-15 04:10:42'),
(1836, 88, 36, 5, NULL, 'Nội dung thú vị, đáng đọc', 1, 1, 1, '2025-06-14 04:10:42', '2025-06-11 04:10:42'),
(1837, 88, 47, 5, NULL, 'Nội dung thú vị, đáng đọc', 1, 1, 1, '2025-07-08 04:10:42', '2025-07-02 04:10:42'),
(1838, 88, 14, 5, NULL, 'Sách chất lượng, giao hàng nhanh', 1, 1, 1, '2025-07-05 04:10:42', '2025-06-20 04:10:42'),
(1839, 88, 10, 5, NULL, 'Chất lượng giấy tốt, in rõ nét', 1, 1, 1, '2025-07-07 04:10:42', '2025-06-15 04:10:42'),
(1840, 88, 35, 5, NULL, 'Kiến thức bổ ích, dễ hiểu', 1, 1, 1, '2025-06-17 04:10:42', '2025-06-29 04:10:42'),
(1841, 88, 6, 5, NULL, 'Kiến thức bổ ích, dễ hiểu', 1, 1, 1, '2025-06-17 04:10:42', '2025-06-19 04:10:42'),
(1842, 88, 39, 5, NULL, 'Sách hay, nội dung bổ ích, đóng gói tốt', 1, 1, 1, '2025-07-08 04:10:42', '2025-06-21 04:10:42'),
(1843, 88, 21, 5, NULL, 'Sách chất lượng, giao hàng nhanh', 1, 1, 1, '2025-07-02 04:10:42', '2025-07-08 04:10:42'),
(1844, 88, 51, 5, NULL, 'Sách chất lượng, giao hàng nhanh', 1, 1, 1, '2025-06-17 04:10:42', '2025-06-12 04:10:42'),
(1845, 88, 25, 5, NULL, 'Nội dung thú vị, đáng đọc', 1, 1, 1, '2025-06-09 04:10:42', '2025-07-01 04:10:42'),
(1846, 88, 31, 5, NULL, 'Nội dung thú vị, đáng đọc', 1, 1, 1, '2025-06-21 04:10:42', '2025-06-09 04:10:42'),
(1847, 88, 26, 5, NULL, 'Nội dung thú vị, đáng đọc', 1, 1, 1, '2025-06-16 04:10:42', '2025-06-12 04:10:42'),
(1848, 88, 11, 5, NULL, 'Chất lượng giấy tốt, in rõ nét', 1, 1, 1, '2025-06-26 04:10:42', '2025-06-20 04:10:42'),
(1849, 88, 34, 5, NULL, 'Nội dung thú vị, đáng đọc', 1, 1, 1, '2025-06-16 04:10:42', '2025-06-11 04:10:42'),
(1850, 88, 13, 5, NULL, 'Chất lượng giấy tốt, in rõ nét', 1, 1, 1, '2025-06-15 04:10:42', '2025-06-10 04:10:42'),
(1851, 88, 41, 5, NULL, 'Chất lượng giấy tốt, in rõ nét', 1, 1, 1, '2025-06-21 04:10:42', '2025-06-28 04:10:42'),
(1852, 88, 5, 5, NULL, 'Sách hay, nội dung bổ ích, đóng gói tốt', 1, 1, 1, '2025-07-01 04:10:42', '2025-07-05 04:10:42'),
(1853, 88, 16, 5, NULL, 'Chất lượng giấy tốt, in rõ nét', 1, 1, 1, '2025-07-05 04:10:42', '2025-06-14 04:10:42'),
(1854, 88, 30, 5, NULL, 'Chất lượng giấy tốt, in rõ nét', 1, 1, 1, '2025-07-06 04:10:42', '2025-06-22 04:10:42'),
(1855, 88, 48, 5, NULL, 'Kiến thức bổ ích, dễ hiểu', 1, 1, 1, '2025-06-21 04:10:42', '2025-07-08 04:10:42'),
(1856, 88, 50, 5, NULL, 'Nội dung thú vị, đáng đọc', 1, 1, 1, '2025-06-15 04:10:42', '2025-06-13 04:10:42'),
(1857, 88, 7, 5, NULL, 'Chất lượng giấy tốt, in rõ nét', 1, 1, 1, '2025-06-22 04:10:42', '2025-06-17 04:10:42'),
(1858, 88, 12, 5, NULL, 'Nội dung thú vị, đáng đọc', 1, 1, 1, '2025-06-13 04:10:42', '2025-07-05 04:10:42'),
(1859, 88, 49, 5, NULL, 'Kiến thức bổ ích, dễ hiểu', 1, 1, 1, '2025-06-21 04:10:42', '2025-07-06 04:10:42'),
(1860, 88, 18, 5, NULL, 'Sách hay, nội dung bổ ích, đóng gói tốt', 1, 1, 1, '2025-06-19 04:10:42', '2025-07-08 04:10:42'),
(1861, 88, 9, 5, NULL, 'Chất lượng giấy tốt, in rõ nét', 1, 1, 1, '2025-06-30 04:10:42', '2025-06-16 04:10:42'),
(1862, 88, 24, 5, NULL, 'Sách chất lượng, giao hàng nhanh', 1, 1, 1, '2025-06-22 04:10:42', '2025-06-26 04:10:42'),
(1864, 88, 20, 5, NULL, 'Chất lượng giấy tốt, in rõ nét', 1, 1, 1, '2025-06-21 04:10:42', '2025-07-07 04:10:42'),
(1865, 88, 19, 5, NULL, 'Chất lượng giấy tốt, in rõ nét', 1, 1, 1, '2025-06-21 04:10:42', '2025-06-24 04:10:42'),
(1866, 88, 28, 5, NULL, 'Nội dung thú vị, đáng đọc', 1, 1, 1, '2025-06-16 04:10:42', '2025-07-04 04:10:42'),
(1867, 88, 29, 5, NULL, 'Chất lượng giấy tốt, in rõ nét', 1, 1, 1, '2025-06-18 04:10:42', '2025-07-04 04:10:42'),
(1868, 88, 44, 5, NULL, 'Sách chất lượng, giao hàng nhanh', 1, 1, 1, '2025-06-21 04:10:42', '2025-06-17 04:10:42'),
(1869, 88, 33, 5, NULL, 'Sách hay, nội dung bổ ích, đóng gói tốt', 1, 1, 1, '2025-06-20 04:10:42', '2025-06-10 04:10:42'),
(1870, 88, 1, 5, NULL, 'Nội dung thú vị, đáng đọc', 1, 1, 1, '2025-06-09 04:10:42', '2025-06-21 04:10:42'),
(1871, 88, 37, 5, NULL, 'Chất lượng giấy tốt, in rõ nét', 1, 1, 1, '2025-06-23 04:10:42', '2025-06-16 04:10:42'),
(1872, 88, 17, 5, NULL, 'Sách hay, nội dung bổ ích, đóng gói tốt', 1, 1, 1, '2025-06-20 04:10:42', '2025-07-05 04:10:42'),
(1873, 88, 43, 5, NULL, 'Sách hay, nội dung bổ ích, đóng gói tốt', 1, 1, 1, '2025-06-21 04:10:42', '2025-06-15 04:10:42'),
(1874, 88, 45, 5, NULL, 'Sách hay, nội dung bổ ích, đóng gói tốt', 1, 1, 1, '2025-06-17 04:10:42', '2025-06-22 04:10:42'),
(1875, 88, 22, 5, NULL, 'Kiến thức bổ ích, dễ hiểu', 1, 1, 1, '2025-06-17 04:10:42', '2025-07-02 04:10:42'),
(1876, 88, 42, 5, NULL, 'Chất lượng giấy tốt, in rõ nét', 1, 1, 1, '2025-06-10 04:10:42', '2025-06-17 04:10:42'),
(1877, 88, 40, 5, NULL, 'Sách hay, nội dung bổ ích, đóng gói tốt', 1, 1, 1, '2025-06-29 04:10:42', '2025-07-01 04:10:42'),
(1878, 89, 30, 5, NULL, 'Dùng ổn định, phù hợp hoạt động ngoài trời', 1, 1, 1, '2025-06-13 04:10:42', '2025-06-27 04:10:42'),
(1879, 89, 5, 5, NULL, 'Sử dụng thoải mái, hiệu quả tốt', 1, 1, 1, '2025-07-05 04:10:42', '2025-06-12 04:10:42'),
(1880, 89, 17, 5, NULL, 'Sử dụng thoải mái, hiệu quả tốt', 1, 1, 1, '2025-07-03 04:10:42', '2025-07-05 04:10:42'),
(1881, 89, 9, 5, NULL, 'Dùng ổn định, phù hợp hoạt động ngoài trời', 1, 1, 1, '2025-06-23 04:10:42', '2025-07-07 04:10:42'),
(1882, 89, 11, 5, NULL, 'Dùng ổn định, phù hợp hoạt động ngoài trời', 1, 1, 1, '2025-06-22 04:10:42', '2025-06-16 04:10:42'),
(1883, 89, 34, 5, NULL, 'Sản phẩm chất lượng, phù hợp thể thao', 1, 1, 1, '2025-06-16 04:10:42', '2025-07-06 04:10:42'),
(1884, 89, 36, 5, NULL, 'Giá tốt, chất lượng ổn định', 1, 1, 1, '2025-06-25 04:10:42', '2025-07-06 04:10:42'),
(1885, 89, 10, 5, NULL, 'Sản phẩm chất lượng, phù hợp thể thao', 1, 1, 1, '2025-06-26 04:10:42', '2025-06-09 04:10:42'),
(1886, 89, 24, 5, NULL, 'Sử dụng thoải mái, hiệu quả tốt', 1, 1, 1, '2025-06-17 04:10:42', '2025-06-17 04:10:42'),
(1887, 89, 41, 5, NULL, 'Dùng ổn định, phù hợp hoạt động ngoài trời', 1, 1, 1, '2025-06-25 04:10:42', '2025-07-06 04:10:42'),
(1888, 89, 49, 5, NULL, 'Dùng ổn định, phù hợp hoạt động ngoài trời', 1, 1, 1, '2025-06-17 04:10:43', '2025-06-14 04:10:43'),
(1889, 89, 35, 5, NULL, 'Sản phẩm chất lượng, phù hợp thể thao', 1, 1, 1, '2025-06-25 04:10:43', '2025-06-27 04:10:43'),
(1890, 89, 20, 5, NULL, 'Thiết kế đẹp, chất liệu bền', 1, 1, 1, '2025-06-27 04:10:43', '2025-06-19 04:10:43'),
(1891, 89, 4, 5, NULL, 'Giá tốt, chất lượng ổn định', 1, 1, 1, '2025-06-09 04:10:43', '2025-06-30 04:10:43'),
(1892, 89, 26, 5, NULL, 'Giá tốt, chất lượng ổn định', 1, 1, 1, '2025-07-02 04:10:43', '2025-07-05 04:10:43'),
(1893, 89, 38, 5, NULL, 'Sản phẩm chất lượng, phù hợp thể thao', 1, 1, 1, '2025-06-23 04:10:43', '2025-07-05 04:10:43'),
(1894, 89, 13, 5, NULL, 'Giá tốt, chất lượng ổn định', 1, 1, 1, '2025-06-11 04:10:43', '2025-06-29 04:10:43'),
(1895, 89, 51, 5, NULL, 'Thiết kế đẹp, chất liệu bền', 1, 1, 1, '2025-07-06 04:10:43', '2025-06-15 04:10:43'),
(1896, 89, 33, 5, NULL, 'Sản phẩm chất lượng, phù hợp thể thao', 1, 1, 1, '2025-06-15 04:10:43', '2025-06-28 04:10:43'),
(1897, 89, 31, 5, NULL, 'Sử dụng thoải mái, hiệu quả tốt', 1, 1, 1, '2025-06-29 04:10:43', '2025-06-22 04:10:43'),
(1898, 89, 42, 4, NULL, 'Sản phẩm chất lượng, phù hợp thể thao', 1, 1, 1, '2025-06-27 04:10:43', '2025-06-14 04:10:43'),
(1899, 89, 8, 4, NULL, 'Sử dụng thoải mái, hiệu quả tốt', 1, 1, 1, '2025-06-19 04:10:43', '2025-06-17 04:10:43'),
(1900, 89, 28, 4, NULL, 'Thiết kế đẹp, chất liệu bền', 1, 1, 1, '2025-06-25 04:10:43', '2025-06-29 04:10:43'),
(1901, 89, 23, 4, NULL, 'Dùng ổn định, phù hợp hoạt động ngoài trời', 1, 1, 1, '2025-06-17 04:10:43', '2025-06-15 04:10:43'),
(1903, 89, 29, 4, NULL, 'Thiết kế đẹp, chất liệu bền', 1, 1, 1, '2025-06-30 04:10:43', '2025-06-26 04:10:43'),
(1904, 89, 15, 4, NULL, 'Sử dụng thoải mái, hiệu quả tốt', 1, 1, 1, '2025-06-27 04:10:43', '2025-07-01 04:10:43'),
(1905, 89, 50, 4, NULL, 'Dùng ổn định, phù hợp hoạt động ngoài trời', 1, 1, 1, '2025-06-21 04:10:43', '2025-06-19 04:10:43'),
(1906, 89, 12, 4, NULL, 'Giá tốt, chất lượng ổn định', 1, 1, 1, '2025-06-26 04:10:43', '2025-06-28 04:10:43'),
(1907, 89, 27, 4, NULL, 'Sử dụng thoải mái, hiệu quả tốt', 1, 1, 1, '2025-06-17 04:10:43', '2025-06-13 04:10:43'),
(1908, 89, 37, 4, NULL, 'Thiết kế đẹp, chất liệu bền', 1, 1, 1, '2025-07-03 04:10:43', '2025-06-23 04:10:43'),
(1909, 89, 25, 4, NULL, 'Thiết kế đẹp, chất liệu bền', 1, 1, 1, '2025-07-06 04:10:43', '2025-06-19 04:10:43'),
(1910, 89, 46, 4, NULL, 'Sử dụng thoải mái, hiệu quả tốt', 1, 1, 1, '2025-06-23 04:10:43', '2025-06-18 04:10:43'),
(1911, 89, 47, 4, NULL, 'Sản phẩm chất lượng, phù hợp thể thao', 1, 1, 1, '2025-06-13 04:10:43', '2025-06-14 04:10:43'),
(1912, 89, 45, 4, NULL, 'Giá tốt, chất lượng ổn định', 1, 1, 1, '2025-06-22 04:10:43', '2025-06-09 04:10:43'),
(1913, 89, 18, 4, NULL, 'Sử dụng thoải mái, hiệu quả tốt', 1, 1, 1, '2025-06-22 04:10:43', '2025-06-09 04:10:43'),
(1914, 89, 43, 4, NULL, 'Giá tốt, chất lượng ổn định', 1, 1, 1, '2025-07-05 04:10:43', '2025-06-11 04:10:43'),
(1915, 89, 6, 4, NULL, 'Giá tốt, chất lượng ổn định', 1, 1, 1, '2025-06-10 04:10:43', '2025-06-25 04:10:43'),
(1916, 89, 7, 4, NULL, 'Thiết kế đẹp, chất liệu bền', 1, 1, 1, '2025-07-03 04:10:43', '2025-06-12 04:10:43'),
(1917, 89, 16, 4, NULL, 'Sản phẩm chất lượng, phù hợp thể thao', 1, 1, 1, '2025-06-22 04:10:43', '2025-06-25 04:10:43'),
(1918, 89, 32, 3, NULL, 'Chất lượng khá, giá hợp lý', 1, 1, 1, '2025-06-13 04:10:43', '2025-07-05 04:10:43'),
(1919, 89, 19, 3, NULL, 'Chất lượng khá, giá hợp lý', 1, 1, 1, '2025-06-19 04:10:43', '2025-07-02 04:10:43'),
(1920, 89, 22, 3, NULL, 'Chất lượng khá, giá hợp lý', 1, 1, 1, '2025-06-14 04:10:43', '2025-06-29 04:10:43'),
(1921, 89, 48, 3, NULL, 'Sản phẩm ổn, phù hợp nhu cầu', 1, 1, 1, '2025-07-07 04:10:43', '2025-06-26 04:10:43'),
(1922, 89, 44, 3, NULL, 'Sản phẩm ổn, phù hợp nhu cầu', 1, 1, 1, '2025-06-12 04:10:43', '2025-07-06 04:10:43'),
(1923, 89, 39, 3, NULL, 'Sản phẩm ổn, phù hợp nhu cầu', 1, 1, 1, '2025-07-06 04:10:43', '2025-06-23 04:10:43'),
(1924, 89, 40, 3, NULL, 'Sản phẩm ổn, phù hợp nhu cầu', 1, 1, 1, '2025-06-29 04:10:43', '2025-06-25 04:10:43'),
(1925, 89, 21, 3, NULL, 'Sản phẩm ổn, phù hợp nhu cầu', 1, 1, 1, '2025-06-30 04:10:43', '2025-07-08 04:10:43'),
(1926, 89, 14, 2, NULL, 'Hơi nặng khi di chuyển', 1, 1, 1, '2025-06-09 04:10:43', '2025-06-26 04:10:43'),
(1927, 89, 1, 2, NULL, 'Hơi nặng khi di chuyển', 1, 1, 1, '2025-06-23 04:10:43', '2025-07-08 04:10:43'),
(1928, 90, 44, 5, NULL, 'Sử dụng thoải mái, hiệu quả tốt', 1, 1, 1, '2025-07-06 04:10:43', '2025-06-16 04:10:43'),
(1929, 90, 37, 5, NULL, 'Sản phẩm chất lượng, phù hợp thể thao', 1, 1, 1, '2025-06-09 04:10:43', '2025-07-04 04:10:43'),
(1930, 90, 36, 5, NULL, 'Dùng ổn định, phù hợp hoạt động ngoài trời', 1, 1, 1, '2025-06-09 04:10:43', '2025-06-12 04:10:43'),
(1931, 90, 38, 5, NULL, 'Thiết kế đẹp, chất liệu bền', 1, 1, 1, '2025-06-30 04:10:43', '2025-06-26 04:10:43'),
(1932, 90, 14, 5, NULL, 'Sử dụng thoải mái, hiệu quả tốt', 1, 1, 1, '2025-06-26 04:10:43', '2025-06-10 04:10:43'),
(1933, 90, 33, 5, NULL, 'Thiết kế đẹp, chất liệu bền', 1, 1, 1, '2025-06-18 04:10:43', '2025-06-14 04:10:43'),
(1935, 90, 1, 5, NULL, 'Sản phẩm chất lượng, phù hợp thể thao', 1, 1, 1, '2025-06-22 04:10:43', '2025-06-12 04:10:43'),
(1936, 90, 4, 5, NULL, 'Dùng ổn định, phù hợp hoạt động ngoài trời', 1, 1, 1, '2025-07-05 04:10:43', '2025-07-02 04:10:43'),
(1937, 90, 26, 5, NULL, 'Sản phẩm chất lượng, phù hợp thể thao', 1, 1, 1, '2025-06-27 04:10:43', '2025-07-08 04:10:43'),
(1938, 90, 32, 5, NULL, 'Sản phẩm chất lượng, phù hợp thể thao', 1, 1, 1, '2025-06-29 04:10:43', '2025-06-24 04:10:43'),
(1939, 90, 18, 5, NULL, 'Dùng ổn định, phù hợp hoạt động ngoài trời', 1, 1, 1, '2025-06-15 04:10:43', '2025-06-09 04:10:43'),
(1940, 90, 13, 5, NULL, 'Giá tốt, chất lượng ổn định', 1, 1, 1, '2025-06-22 04:10:43', '2025-06-10 04:10:43'),
(1941, 90, 35, 5, NULL, 'Sản phẩm chất lượng, phù hợp thể thao', 1, 1, 1, '2025-06-11 04:10:43', '2025-07-01 04:10:43'),
(1942, 90, 6, 5, NULL, 'Giá tốt, chất lượng ổn định', 1, 1, 1, '2025-07-01 04:10:43', '2025-06-09 04:10:43'),
(1943, 90, 34, 5, NULL, 'Dùng ổn định, phù hợp hoạt động ngoài trời', 1, 1, 1, '2025-07-08 04:10:43', '2025-06-23 04:10:43'),
(1944, 90, 23, 5, NULL, 'Dùng ổn định, phù hợp hoạt động ngoài trời', 1, 1, 1, '2025-07-08 04:10:43', '2025-07-01 04:10:43'),
(1945, 90, 48, 5, NULL, 'Dùng ổn định, phù hợp hoạt động ngoài trời', 1, 1, 1, '2025-06-21 04:10:43', '2025-06-15 04:10:43'),
(1946, 90, 49, 5, NULL, 'Sử dụng thoải mái, hiệu quả tốt', 1, 1, 1, '2025-06-09 04:10:43', '2025-06-23 04:10:43'),
(1947, 90, 30, 5, NULL, 'Thiết kế đẹp, chất liệu bền', 1, 1, 1, '2025-06-13 04:10:43', '2025-07-04 04:10:43'),
(1948, 90, 47, 5, NULL, 'Sử dụng thoải mái, hiệu quả tốt', 1, 1, 1, '2025-06-27 04:10:43', '2025-07-02 04:10:43'),
(1949, 90, 9, 5, NULL, 'Giá tốt, chất lượng ổn định', 1, 1, 1, '2025-06-10 04:10:43', '2025-07-05 04:10:43'),
(1950, 90, 10, 5, NULL, 'Sản phẩm chất lượng, phù hợp thể thao', 1, 1, 1, '2025-07-05 04:10:43', '2025-06-14 04:10:43'),
(1951, 90, 15, 5, NULL, 'Sử dụng thoải mái, hiệu quả tốt', 1, 1, 1, '2025-06-27 04:10:43', '2025-07-04 04:10:43'),
(1952, 90, 31, 5, NULL, 'Giá tốt, chất lượng ổn định', 1, 1, 1, '2025-06-23 04:10:43', '2025-06-11 04:10:43'),
(1953, 90, 19, 5, NULL, 'Dùng ổn định, phù hợp hoạt động ngoài trời', 1, 1, 1, '2025-07-01 04:10:43', '2025-06-17 04:10:43'),
(1954, 90, 24, 5, NULL, 'Thiết kế đẹp, chất liệu bền', 1, 1, 1, '2025-06-13 04:10:43', '2025-06-11 04:10:43'),
(1955, 90, 11, 5, NULL, 'Giá tốt, chất lượng ổn định', 1, 1, 1, '2025-06-11 04:10:43', '2025-07-05 04:10:43'),
(1956, 90, 50, 5, NULL, 'Thiết kế đẹp, chất liệu bền', 1, 1, 1, '2025-06-16 04:10:43', '2025-06-12 04:10:43'),
(1957, 90, 27, 5, NULL, 'Giá tốt, chất lượng ổn định', 1, 1, 1, '2025-07-08 04:10:43', '2025-07-07 04:10:43'),
(1958, 90, 16, 5, NULL, 'Thiết kế đẹp, chất liệu bền', 1, 1, 1, '2025-06-21 04:10:43', '2025-06-26 04:10:43'),
(1959, 90, 46, 5, NULL, 'Thiết kế đẹp, chất liệu bền', 1, 1, 1, '2025-06-28 04:10:43', '2025-06-16 04:10:43'),
(1960, 90, 42, 5, NULL, 'Dùng ổn định, phù hợp hoạt động ngoài trời', 1, 1, 1, '2025-06-30 04:10:43', '2025-06-18 04:10:43'),
(1961, 90, 20, 5, NULL, 'Sản phẩm chất lượng, phù hợp thể thao', 1, 1, 1, '2025-06-10 04:10:43', '2025-06-25 04:10:43'),
(1962, 90, 39, 5, NULL, 'Thiết kế đẹp, chất liệu bền', 1, 1, 1, '2025-07-08 04:10:43', '2025-06-27 04:10:43'),
(1963, 90, 40, 5, NULL, 'Sản phẩm chất lượng, phù hợp thể thao', 1, 1, 1, '2025-06-19 04:10:43', '2025-06-30 04:10:43'),
(1964, 90, 25, 5, NULL, 'Thiết kế đẹp, chất liệu bền', 1, 1, 1, '2025-06-18 04:10:43', '2025-06-15 04:10:43'),
(1965, 90, 7, 5, NULL, 'Giá tốt, chất lượng ổn định', 1, 1, 1, '2025-07-06 04:10:43', '2025-06-18 04:10:43'),
(1966, 90, 29, 5, NULL, 'Dùng ổn định, phù hợp hoạt động ngoài trời', 1, 1, 1, '2025-07-02 04:10:43', '2025-06-14 04:10:43'),
(1967, 90, 51, 5, NULL, 'Dùng ổn định, phù hợp hoạt động ngoài trời', 1, 1, 1, '2025-06-30 04:10:43', '2025-06-13 04:10:43'),
(1968, 90, 28, 5, NULL, 'Sản phẩm chất lượng, phù hợp thể thao', 1, 1, 1, '2025-06-16 04:10:43', '2025-06-29 04:10:43'),
(1969, 90, 21, 5, NULL, 'Giá tốt, chất lượng ổn định', 1, 1, 1, '2025-06-16 04:10:43', '2025-06-28 04:10:43'),
(1970, 90, 17, 5, NULL, 'Dùng ổn định, phù hợp hoạt động ngoài trời', 1, 1, 1, '2025-06-09 04:10:43', '2025-07-06 04:10:43'),
(1971, 90, 41, 5, NULL, 'Sản phẩm chất lượng, phù hợp thể thao', 1, 1, 1, '2025-07-05 04:10:43', '2025-06-30 04:10:43'),
(1972, 90, 45, 5, NULL, 'Thiết kế đẹp, chất liệu bền', 1, 1, 1, '2025-06-28 04:10:43', '2025-06-15 04:10:43'),
(1973, 90, 43, 5, NULL, 'Dùng ổn định, phù hợp hoạt động ngoài trời', 1, 1, 1, '2025-07-05 04:10:43', '2025-07-07 04:10:43'),
(1974, 90, 5, 5, NULL, 'Dùng ổn định, phù hợp hoạt động ngoài trời', 1, 1, 1, '2025-06-09 04:10:43', '2025-06-19 04:10:43'),
(1975, 90, 12, 5, NULL, 'Dùng ổn định, phù hợp hoạt động ngoài trời', 1, 1, 1, '2025-06-14 04:10:43', '2025-06-20 04:10:43'),
(1976, 90, 22, 5, NULL, 'Thiết kế đẹp, chất liệu bền', 1, 1, 1, '2025-06-09 04:10:43', '2025-07-06 04:10:43'),
(1977, 90, 8, 5, NULL, 'Thiết kế đẹp, chất liệu bền', 1, 1, 1, '2025-07-03 04:10:43', '2025-06-19 04:10:43'),
(1978, 91, 25, 5, NULL, 'Dùng ổn định, phù hợp hoạt động ngoài trời', 1, 1, 1, '2025-06-12 04:10:43', '2025-06-16 04:10:43'),
(1979, 91, 50, 5, NULL, 'Thiết kế đẹp, chất liệu bền', 1, 1, 1, '2025-06-26 04:10:43', '2025-07-04 04:10:43'),
(1980, 91, 11, 5, NULL, 'Thiết kế đẹp, chất liệu bền', 1, 1, 1, '2025-06-19 04:10:43', '2025-06-28 04:10:43'),
(1981, 91, 10, 5, NULL, 'Thiết kế đẹp, chất liệu bền', 1, 1, 1, '2025-06-09 04:10:43', '2025-07-01 04:10:43'),
(1982, 91, 14, 5, NULL, 'Thiết kế đẹp, chất liệu bền', 1, 1, 1, '2025-06-23 04:10:43', '2025-06-16 04:10:43'),
(1983, 91, 43, 5, NULL, 'Sử dụng thoải mái, hiệu quả tốt', 1, 1, 1, '2025-06-21 04:10:43', '2025-07-07 04:10:43'),
(1984, 91, 20, 5, NULL, 'Sản phẩm chất lượng, phù hợp thể thao', 1, 1, 1, '2025-06-26 04:10:43', '2025-06-11 04:10:43'),
(1985, 91, 34, 5, NULL, 'Sản phẩm chất lượng, phù hợp thể thao', 1, 1, 1, '2025-06-10 04:10:43', '2025-06-11 04:10:43'),
(1986, 91, 22, 5, NULL, 'Sử dụng thoải mái, hiệu quả tốt', 1, 1, 1, '2025-06-22 04:10:43', '2025-06-23 04:10:43'),
(1987, 91, 51, 5, NULL, 'Giá tốt, chất lượng ổn định', 1, 1, 1, '2025-06-19 04:10:43', '2025-06-23 04:10:43'),
(1988, 91, 23, 5, NULL, 'Dùng ổn định, phù hợp hoạt động ngoài trời', 1, 1, 1, '2025-06-26 04:10:43', '2025-06-24 04:10:43'),
(1989, 91, 47, 5, NULL, 'Dùng ổn định, phù hợp hoạt động ngoài trời', 1, 1, 1, '2025-06-17 04:10:43', '2025-06-15 04:10:43'),
(1990, 91, 46, 5, NULL, 'Sử dụng thoải mái, hiệu quả tốt', 1, 1, 1, '2025-07-06 04:10:43', '2025-06-18 04:10:43'),
(1991, 91, 36, 5, NULL, 'Giá tốt, chất lượng ổn định', 1, 1, 1, '2025-06-21 04:10:43', '2025-07-04 04:10:43'),
(1992, 91, 24, 5, NULL, 'Sử dụng thoải mái, hiệu quả tốt', 1, 1, 1, '2025-07-01 04:10:43', '2025-07-07 04:10:43'),
(1993, 91, 16, 5, NULL, 'Sử dụng thoải mái, hiệu quả tốt', 1, 1, 1, '2025-06-21 04:10:43', '2025-06-22 04:10:43'),
(1994, 91, 8, 5, NULL, 'Giá tốt, chất lượng ổn định', 1, 1, 1, '2025-07-04 04:10:43', '2025-06-16 04:10:43'),
(1995, 91, 33, 5, NULL, 'Dùng ổn định, phù hợp hoạt động ngoài trời', 1, 1, 1, '2025-06-14 04:10:43', '2025-07-06 04:10:43'),
(1997, 91, 5, 5, NULL, 'Giá tốt, chất lượng ổn định', 1, 1, 1, '2025-06-20 04:10:43', '2025-06-18 04:10:43'),
(1998, 91, 41, 5, NULL, 'Sử dụng thoải mái, hiệu quả tốt', 1, 1, 1, '2025-06-22 04:10:43', '2025-06-19 04:10:43'),
(1999, 91, 29, 5, NULL, 'Thiết kế đẹp, chất liệu bền', 1, 1, 1, '2025-06-16 04:10:43', '2025-06-14 04:10:43'),
(2000, 91, 42, 4, NULL, 'Sử dụng thoải mái, hiệu quả tốt', 1, 1, 1, '2025-06-10 04:10:43', '2025-07-01 04:10:43'),
(2001, 91, 6, 4, NULL, 'Sản phẩm chất lượng, phù hợp thể thao', 1, 1, 1, '2025-07-04 04:10:44', '2025-06-21 04:10:44'),
(2002, 91, 31, 4, NULL, 'Dùng ổn định, phù hợp hoạt động ngoài trời', 1, 1, 1, '2025-06-24 04:10:44', '2025-06-10 04:10:44'),
(2003, 91, 15, 4, NULL, 'Thiết kế đẹp, chất liệu bền', 1, 1, 1, '2025-07-01 04:10:44', '2025-06-12 04:10:44'),
(2004, 91, 9, 4, NULL, 'Dùng ổn định, phù hợp hoạt động ngoài trời', 1, 1, 1, '2025-07-05 04:10:44', '2025-06-16 04:10:44'),
(2005, 91, 28, 4, NULL, 'Sản phẩm chất lượng, phù hợp thể thao', 1, 1, 1, '2025-06-30 04:10:44', '2025-06-16 04:10:44'),
(2006, 91, 38, 4, NULL, 'Sản phẩm chất lượng, phù hợp thể thao', 1, 1, 1, '2025-07-04 04:10:44', '2025-06-18 04:10:44'),
(2007, 91, 26, 4, NULL, 'Sử dụng thoải mái, hiệu quả tốt', 1, 1, 1, '2025-06-30 04:10:44', '2025-06-24 04:10:44'),
(2008, 91, 39, 4, NULL, 'Sản phẩm chất lượng, phù hợp thể thao', 1, 1, 1, '2025-06-16 04:10:44', '2025-06-25 04:10:44'),
(2009, 91, 21, 4, NULL, 'Giá tốt, chất lượng ổn định', 1, 1, 1, '2025-06-10 04:10:44', '2025-06-18 04:10:44'),
(2010, 91, 1, 4, NULL, 'Sản phẩm chất lượng, phù hợp thể thao', 1, 1, 1, '2025-06-22 04:10:44', '2025-06-10 04:10:44'),
(2011, 91, 37, 4, NULL, 'Sản phẩm chất lượng, phù hợp thể thao', 1, 1, 1, '2025-06-16 04:10:44', '2025-06-17 04:10:44'),
(2012, 91, 17, 4, NULL, 'Thiết kế đẹp, chất liệu bền', 1, 1, 1, '2025-06-10 04:10:44', '2025-06-16 04:10:44'),
(2013, 91, 32, 4, NULL, 'Sản phẩm chất lượng, phù hợp thể thao', 1, 1, 1, '2025-06-14 04:10:44', '2025-06-27 04:10:44'),
(2014, 91, 48, 4, NULL, 'Dùng ổn định, phù hợp hoạt động ngoài trời', 1, 1, 1, '2025-06-10 04:10:44', '2025-06-21 04:10:44'),
(2015, 91, 18, 4, NULL, 'Sản phẩm chất lượng, phù hợp thể thao', 1, 1, 1, '2025-07-05 04:10:44', '2025-06-18 04:10:44'),
(2016, 91, 49, 4, NULL, 'Sản phẩm chất lượng, phù hợp thể thao', 1, 1, 1, '2025-06-10 04:10:44', '2025-06-11 04:10:44'),
(2017, 91, 44, 4, NULL, 'Sử dụng thoải mái, hiệu quả tốt', 1, 1, 1, '2025-07-02 04:10:44', '2025-07-08 04:10:44'),
(2018, 91, 35, 4, NULL, 'Sản phẩm chất lượng, phù hợp thể thao', 1, 1, 1, '2025-06-30 04:10:44', '2025-06-19 04:10:44'),
(2019, 91, 40, 4, NULL, 'Dùng ổn định, phù hợp hoạt động ngoài trời', 1, 1, 1, '2025-06-20 04:10:44', '2025-06-12 04:10:44'),
(2020, 91, 45, 4, NULL, 'Thiết kế đẹp, chất liệu bền', 1, 1, 1, '2025-07-01 04:10:44', '2025-07-06 04:10:44'),
(2021, 91, 13, 4, NULL, 'Sử dụng thoải mái, hiệu quả tốt', 1, 1, 1, '2025-06-10 04:10:44', '2025-06-21 04:10:44'),
(2022, 91, 19, 3, NULL, 'Sản phẩm ổn, phù hợp nhu cầu', 1, 1, 1, '2025-06-10 04:10:44', '2025-06-25 04:10:44'),
(2023, 91, 12, 3, NULL, 'Sản phẩm ổn, phù hợp nhu cầu', 1, 1, 1, '2025-07-07 04:10:44', '2025-06-19 04:10:44'),
(2024, 91, 27, 3, NULL, 'Sản phẩm ổn, phù hợp nhu cầu', 1, 1, 1, '2025-07-01 04:10:44', '2025-06-26 04:10:44'),
(2025, 91, 7, 3, NULL, 'Sản phẩm ổn, phù hợp nhu cầu', 1, 1, 1, '2025-06-18 04:10:44', '2025-06-29 04:10:44'),
(2026, 91, 4, 3, NULL, 'Chất lượng khá, giá hợp lý', 1, 1, 1, '2025-06-25 04:10:44', '2025-06-26 04:10:44'),
(2027, 91, 30, 3, NULL, 'Chất lượng khá, giá hợp lý', 1, 1, 1, '2025-06-28 04:10:44', '2025-06-17 04:10:44'),
(2028, 30, 1, 5, 'ok', 'ok', 1, 1, 1, '2025-07-15 09:17:30', '2025-07-15 09:17:30'),
(2033, 33, 1, 5, NULL, 'ok', 1, 1, 1, '2025-07-15 10:04:47', '2025-07-15 10:04:47'),
(2035, 93, 53, 5, NULL, 'ổn', 1, 1, 1, '2025-07-16 01:52:16', '2025-07-16 01:52:16'),
(2036, 76, 1, 5, NULL, 'tot', 1, 1, 1, '2025-07-25 01:14:08', '2025-07-25 01:14:08');

-- --------------------------------------------------------

--
-- Table structure for table `users`
--

CREATE TABLE `users` (
  `id` bigint UNSIGNED NOT NULL,
  `name` varchar(255) COLLATE utf8mb4_unicode_ci NOT NULL,
  `email` varchar(255) COLLATE utf8mb4_unicode_ci NOT NULL,
  `role` enum('user','admin') COLLATE utf8mb4_unicode_ci NOT NULL DEFAULT 'user',
  `email_verified_at` timestamp NULL DEFAULT NULL,
  `password` varchar(255) COLLATE utf8mb4_unicode_ci NOT NULL,
  `remember_token` varchar(100) COLLATE utf8mb4_unicode_ci DEFAULT NULL,
  `created_at` timestamp NULL DEFAULT NULL,
  `updated_at` timestamp NULL DEFAULT NULL
) ENGINE=InnoDB DEFAULT CHARSET=utf8mb4 COLLATE=utf8mb4_unicode_ci;

--
-- Dumping data for table `users`
--

INSERT INTO `users` (`id`, `name`, `email`, `role`, `email_verified_at`, `password`, `remember_token`, `created_at`, `updated_at`) VALUES
(1, 'thatx2', 'phamthat2206@gmail.com', 'user', NULL, '$2y$12$f1OfcTeVhKcKqTCId0otC.TtHtfNGQRSdVBotQAF8Vdh7fD.YlQS2', 'qLmaBiMwPTHqJHbFQIO257js1PT5sxrC55fXS6deK8gwLIGHBzW1lRV9oP8M', '2025-07-08 03:27:43', '2025-07-08 03:27:43'),
(2, 'Admin User', 'admin@example.com', 'admin', '2025-07-08 04:34:16', '$2y$12$MOKRdGE0MMg.rXVCYW7g2.OS4Y4ukFGam94QG6xzLLJ68hn05oMmm', NULL, '2025-07-08 04:34:16', '2025-07-08 10:51:54'),
(4, 'Nguyễn Văn An', 'user3@example.com', 'user', '2025-07-08 04:34:17', '$2y$12$Id9EvfiJjWpzphorTVREb.v9stukScyC/8oqzU.zLse6PVdsIBCQ2', NULL, '2024-07-14 04:34:17', '2025-07-08 04:34:17'),
(5, 'Trần Thị Bình', 'user4@example.com', 'user', '2025-07-08 04:34:17', '$2y$12$e/3AXs/6Pcs7oR92rl2a.u8EEBN6hBoANbLSBb90Q.bv87g55bjoy', NULL, '2025-02-25 04:34:17', '2025-07-08 04:34:17'),
(6, 'Lê Hoàng Cường', 'user5@example.com', 'user', '2025-07-08 04:34:17', '$2y$12$ULcZ5M2.ZnCD55mttDvpJ.Uu4VkfGEY8YQ.cLd4FUAIkPYHpA8agi', NULL, '2025-03-21 04:34:17', '2025-07-08 04:34:17'),
(7, 'Phạm Thị Dung', 'user6@example.com', 'user', '2025-07-08 04:34:17', '$2y$12$fkRMhI1BXSn1KeQRUINYKungwJ3EYN8zx6U85BPul5sQdkup7LHDG', NULL, '2025-03-22 04:34:17', '2025-07-08 04:34:17'),
(8, 'Hoàng Minh Đức', 'user7@example.com', 'user', '2025-07-08 04:34:17', '$2y$12$RWR4J1B9mwC5Mj7s3iH3oOROyVRvJOAMwRkTEAnv6My9IZFwe1HEa', NULL, '2025-06-06 04:34:18', '2025-07-08 04:34:18'),
(9, 'Đặng Thị Hoa', 'user8@example.com', 'user', '2025-07-08 04:34:18', '$2y$12$sy175o9SaO4rDTHInG7avO3VDGBZOv5.kkhiWoxd8wMU3gojtl/1m', NULL, '2024-07-18 04:34:18', '2025-07-08 04:34:18'),
(10, 'Võ Văn Hùng', 'user9@example.com', 'user', '2025-07-08 04:34:18', '$2y$12$lpJfYxx.bCrllwHlK1GDAe3m7zHhni8WZmsrNxf9xWF3IbsuZiKp6', NULL, '2025-02-06 04:34:18', '2025-07-08 04:34:18'),
(11, 'Bùi Thị Lan', 'user10@example.com', 'user', '2025-07-08 04:34:18', '$2y$12$2lpEzkjEvqVbFsL5OKo8DOPZDMESd9TKG.vxg0h1JJdhgA7Pri.d6', NULL, '2025-04-16 04:34:18', '2025-07-08 04:34:18'),
(12, 'Đinh Văn Long', 'user11@example.com', 'user', '2025-07-08 04:34:18', '$2y$12$zhjuYz2vr6zjf1d4bNbrYO.9YYsGUifgAzv.q1Efb5oKor8D8obti', NULL, '2025-05-15 04:34:18', '2025-07-08 04:34:18'),
(13, 'Phan Thị Mai', 'user12@example.com', 'user', '2025-07-08 04:34:18', '$2y$12$dTPHAKtObKoCtMoHrISwBOysfrE2IFgypw3ys3poTA/t8bYPZ.lt.', NULL, '2025-06-10 04:34:19', '2025-07-08 04:34:19'),
(14, 'Tạ Văn Nam', 'user13@example.com', 'user', '2025-07-08 04:34:19', '$2y$12$kdjxlL6fZY1.0FGKD7T3XeIug5B2NZkGYCn.sHm.zG/Q7x.d3yttC', NULL, '2025-01-18 04:34:19', '2025-07-08 04:34:19'),
(15, 'Lý Thị Oanh', 'user14@example.com', 'user', '2025-07-08 04:34:19', '$2y$12$Q1jBCMJKVsFRSf5aCB6lc.TAoMyD.858.zp33FQfos42lIDrVhGey', NULL, '2025-06-07 04:34:19', '2025-07-08 04:34:19'),
(16, 'Vũ Văn Phát', 'user15@example.com', 'user', '2025-07-08 04:34:19', '$2y$12$MDKXgbh44EBCBs./nALTnOKugEl.QQyWx328fvV/6IVp3gqBuBbLW', NULL, '2024-12-09 04:34:19', '2025-07-08 04:34:19'),
(17, 'Ngô Thị Quỳnh', 'user16@example.com', 'user', '2025-07-08 04:34:19', '$2y$12$SC0RoJR6v5sXuZAYX97rJuf9Tr7hLqrnxfn7LCeFkCRPxOC/UnS7W', NULL, '2024-11-25 04:34:19', '2025-07-08 04:34:19'),
(18, 'Đỗ Văn Sơn', 'user17@example.com', 'user', '2025-07-08 04:34:19', '$2y$12$9CW1K1iogMQkZZDjRftCvuO6godhIDMZDmFVBREUTg4l.vKwm3J2W', NULL, '2025-03-31 04:34:20', '2025-07-08 04:34:20'),
(19, 'Chu Thị Tâm', 'user18@example.com', 'user', '2025-07-08 04:34:20', '$2y$12$j6GUUbxU9rIKR.uRG3zT5./HsHYhl3qnY/FkaXy5v8HyryR0QjaZK', NULL, '2024-09-24 04:34:20', '2025-07-08 04:34:20'),
(20, 'Hồ Văn Tuấn', 'user19@example.com', 'user', '2025-07-08 04:34:20', '$2y$12$ERiZpbdw4/0tS7o2NQGVs.6.pwpooPZo/nrtKskNHjCPEOG3Wvp9O', NULL, '2024-11-28 04:34:20', '2025-07-08 04:34:20'),
(21, 'Mai Thị Uyên', 'user20@example.com', 'user', '2025-07-08 04:34:20', '$2y$12$SzqO5lM4poSU3oyNrw9vSOpybzygF8hkJcqmfdsrOh0MPN.a3s8iG', NULL, '2024-08-17 04:34:20', '2025-07-08 04:34:20'),
(22, 'Lại Văn Việt', 'user21@example.com', 'user', '2025-07-08 04:34:20', '$2y$12$okP3J7j/jVal1q3RJjh1WOc9mc1RCrx9CHDF9QaNo79vtZfeYMgRC', NULL, '2025-05-07 04:34:20', '2025-07-08 04:34:20'),
(23, 'Cao Thị Xuân', 'user22@example.com', 'user', '2025-07-08 04:34:20', '$2y$12$cZNKOUeyl6qX/8R1GiERyuwLAz7dRAhLRcNwTLflUMF/UxqvucZEK', NULL, '2024-09-02 04:34:21', '2025-07-08 04:34:21'),
(24, 'Dương Văn Yên', 'user23@example.com', 'user', '2025-07-08 04:34:21', '$2y$12$vTtNdHzYz5/H80mn2kPN1OcPi9wsntsadc6KTemvayWDtip5xNGLG', NULL, '2025-02-17 04:34:21', '2025-07-08 04:34:21'),
(25, 'Ninh Thị Thảo', 'user24@example.com', 'user', '2025-07-08 04:34:21', '$2y$12$3whdWsr5QF6kdZfXPITuoeGNnvXOdRum52Ct11w.i3JFn568n3T2W', NULL, '2025-06-10 04:34:21', '2025-07-08 04:34:21'),
(26, 'Kiều Văn Khang', 'user25@example.com', 'user', '2025-07-08 04:34:21', '$2y$12$N3tv2dxzMW5NTZLlcNnUR.wtXXCRGgpJwUkbdmZKDBC1QZ0AzvXZG', NULL, '2025-06-29 04:34:21', '2025-07-08 04:34:21'),
(27, 'Từ Thị Linh', 'user26@example.com', 'user', '2025-07-08 04:34:21', '$2y$12$tpdj9D8rFecaavbrVfaRSOdtpsxcAcphizvtXGP1nVHgvUtmdx.Lq', NULL, '2025-06-27 04:34:21', '2025-07-08 04:34:21'),
(28, 'Ưng Văn Minh', 'user27@example.com', 'user', '2025-07-08 04:34:21', '$2y$12$2X7yCRmb8tCmJkFqtE/rIuKGCvL82uJsFymEf7Hv9pfrdk6VshtQa', NULL, '2024-07-14 04:34:21', '2025-07-08 04:34:21'),
(29, 'Bành Thị Ngọc', 'user28@example.com', 'user', '2025-07-08 04:34:21', '$2y$12$YO.ac/g3SshsitVz5iGYYOGFfG0UBGS2/cIwB9XQUHRlRtuprPq62', NULL, '2025-07-04 04:34:22', '2025-07-08 04:34:22'),
(30, 'Thạch Văn Phong', 'user29@example.com', 'user', '2025-07-08 04:34:22', '$2y$12$hySnyuYWS.DhIxAle1ql9Ov1y1EMJ4Jz5nJz3Ortb48B9r4qcbDn6', NULL, '2025-03-08 04:34:22', '2025-07-08 04:34:22'),
(31, 'Lục Thị Thu', 'user30@example.com', 'user', '2025-07-08 04:34:22', '$2y$12$fnlJm/xMhsgIEBew.iCuw.bWWcdLIWLx8OekQRIlbLkS831Gypjie', NULL, '2024-08-05 04:34:22', '2025-07-08 04:34:22'),
(32, 'Ông Văn Tiến', 'user31@example.com', 'user', '2025-07-08 04:34:22', '$2y$12$T7xfz8lY/5h3ASL7HS7uFuEBsEzWDa6lexOsCCbujULMW4UTUC22a', NULL, '2025-02-19 04:34:22', '2025-07-08 04:34:22'),
(33, 'Hà Thị Vân', 'user32@example.com', 'user', '2025-07-08 04:34:22', '$2y$12$1u2oG/pvzjnKOlatBFRBIu7qPaZY.Yn7BvavQBkHs7ukESVlTASoa', NULL, '2025-04-13 04:34:22', '2025-07-08 04:34:22'),
(34, 'Thân Văn Hải', 'user33@example.com', 'user', '2025-07-08 04:34:22', '$2y$12$Zfp0bL4EVvzI8bOm3/mJU.bp/HqucxxHel3TCjaW.vw7CBO7AVhV.', NULL, '2024-08-02 04:34:23', '2025-07-08 04:34:23'),
(35, 'Lâm Thị Diệu', 'user34@example.com', 'user', '2025-07-08 04:34:23', '$2y$12$1sNsF.mM6XjxfqhARFPvgeVbML4w3U4/v.5BQ6BtgJn3oBYpLxDN2', NULL, '2025-06-19 04:34:23', '2025-07-08 04:34:23'),
(36, 'Trương Văn Khánh', 'user35@example.com', 'user', '2025-07-08 04:34:23', '$2y$12$zs.YuhEhPHWubKIuNPg2HOWJeaj6bExVaO7j2J3JKSq1frTI2Ok3q', NULL, '2025-01-30 04:34:23', '2025-07-08 04:34:23'),
(37, 'Pháp Thị Loan', 'user36@example.com', 'user', '2025-07-08 04:34:23', '$2y$12$JCDpL942EK6gat2187IFiOeSUnc7ltdEmizK1SerirCsfg4IweQJK', NULL, '2024-10-07 04:34:23', '2025-07-08 04:34:23'),
(38, 'Đình Văn Mạnh', 'user37@example.com', 'user', '2025-07-08 04:34:23', '$2y$12$Fah6Ad9smijp0vxxmLwGD.cyVmTmpYyg0k./zNMqnlZHWVq7tvPW2', NULL, '2024-09-07 04:34:23', '2025-07-08 04:34:23'),
(39, 'Triệu Thị Nga', 'user38@example.com', 'user', '2025-07-08 04:34:23', '$2y$12$7itdwajcWnzaJy2Q18xYXOpgwRbNm3I0PG5IfK0eEyatf9tqRxHpW', NULL, '2025-02-21 04:34:24', '2025-07-08 04:34:24'),
(40, 'Ân Văn Ơn', 'user39@example.com', 'user', '2025-07-08 04:34:24', '$2y$12$lcI3m.4uJ.hjTVsKnySyLOPnW2V0eaqcCK1pAVPoDyJvsokJNDLcm', NULL, '2024-07-20 04:34:24', '2025-07-08 04:34:24'),
(41, 'Lưu Thị Phương', 'user40@example.com', 'user', '2025-07-08 04:34:24', '$2y$12$q.5yVR7cALwr1mNYn6szsO1LEUFLpizuAlZUnNIPW5tv.zTwJu2Zi', NULL, '2025-05-20 04:34:24', '2025-07-08 04:34:24'),
(42, 'Trang Văn Quang', 'user41@example.com', 'user', '2025-07-08 04:34:24', '$2y$12$hvYHp0PPF/6lSeurKA41XehC7MisPMGxm17ZAPLnH7cYk36sQtIXa', NULL, '2024-10-13 04:34:24', '2025-07-08 04:34:24'),
(43, 'Đàm Thị Rạng', 'user42@example.com', 'user', '2025-07-08 04:34:24', '$2y$12$HdMQF7Hx8SXnY94FTJ5SlOyBPh61byOU/b52lop3SuUS8CVW5om4C', NULL, '2024-08-27 04:34:24', '2025-07-08 04:34:24'),
(44, 'Khổng Văn Sáng', 'user43@example.com', 'user', '2025-07-08 04:34:24', '$2y$12$I2UEIl0SJ8u5T6zIyi3.Z.e.0yLRG4Zj4vhR0ZI/C/6a.SE14danK', NULL, '2025-05-04 04:34:25', '2025-07-08 04:34:25'),
(45, 'Hứa Thị Thơm', 'user44@example.com', 'user', '2025-07-08 04:34:25', '$2y$12$boQc8FVjjOmucZ/AAoGULu/OHbeuj3cUK0NV05PoKdroNe42pkCrK', NULL, '2024-07-20 04:34:25', '2025-07-08 04:34:25'),
(46, 'Vương Văn Ung', 'user45@example.com', 'user', '2025-07-08 04:34:25', '$2y$12$9xlX1ZqNqjFuQvx010UAeuL2aK9lfKD9G6vyDE4JcwiB/Ig0E.LBC', NULL, '2024-08-27 04:34:25', '2025-07-08 04:34:25'),
(47, 'Quan Thị Vui', 'user46@example.com', 'user', '2025-07-08 04:34:25', '$2y$12$VdvNcFpTk4chh7I6AjT1/OxCYMPHa1e5PJWnorkvZoP1xu6oo9To2', NULL, '2024-09-04 04:34:25', '2025-07-08 04:34:25'),
(48, 'Lạc Văn Ý', 'user47@example.com', 'user', '2025-07-08 04:34:25', '$2y$12$IVhNXg2QVHWblEWVtxBBuei786q4y4P2n56gp1G8Xodc8jbC7TwgO', NULL, '2024-10-24 04:34:25', '2025-07-08 04:34:25'),
(49, 'Nhâm Thị Ánh', 'user48@example.com', 'user', '2025-07-08 04:34:25', '$2y$12$27GcpULDmWokHcjfqJCG1OxsdPeObFI/.rlv.OgoomSJat3caW2xa', NULL, '2025-04-11 04:34:25', '2025-07-08 04:34:25'),
(50, 'Tôn Văn Ân', 'user49@example.com', 'user', '2025-07-08 04:34:25', '$2y$12$TRbK9Zy8lIDFI8ay5LzE0e9GQ6xTIJQ.DMEAXl8UCs4mFR/iX7S3m', NULL, '2024-12-04 04:34:26', '2025-07-08 04:34:26'),
(51, 'Mạc Thị Điềm', 'user50@example.com', 'user', '2025-07-08 04:34:26', '$2y$12$G3UIDUSbIYVHLHAwXu0fset3Nr4fCv2eqFHVNwy9eOdoX5t.sXmYO', NULL, '2025-03-04 04:34:26', '2025-07-08 04:34:26'),
(53, 'tester', 'test@gmail.com', 'user', NULL, '$2y$12$cvwWlvnqqRCtXubBE1d7Du69EWBTnCqplD2nZO/vBmBMJJMBzKtPi', NULL, '2025-07-16 01:47:03', '2025-07-16 01:47:03'),
(55, 'huynhnhu', 'nhunhankg@gmail.com', 'user', NULL, '$2y$12$ZfLOdDi/DsP9h3F1wfLrH.VO1bcJ1kQFwzZDVhUqx48La3HCh8R3S', NULL, '2025-07-16 06:29:28', '2025-07-16 06:29:28'),
(56, 'vinh11', 'quangvinh@gmail.com', 'user', NULL, '$2y$12$gS.vuHfUXyTOPbFeKMk/jushTY/F.b7pVGLdWpXSdZYLoUAbS/hHa', NULL, '2025-07-17 06:15:29', '2025-07-17 06:15:29'),
(57, 'VINH1111sss', 'nqvinh0611@gmail.comm', 'user', NULL, '$2y$12$wqorvggWjYKZfhwLV4fE0eY1RNk7so/oPGCP6OYmQ6uWiL53owmOy', NULL, '2025-07-18 00:22:00', '2025-07-19 08:49:29'),
(58, '@@@@@', 'nqvinh061aaa1@gmail.com', 'user', NULL, '$2y$12$UQQnknF7xQiux3lS3uO8EOkBb3/lJcE/ri6kK5iXeCwqYN5BVkBgW', NULL, '2025-07-18 00:45:03', '2025-07-18 00:45:03'),
(62, 'nhu', 'mmhfhf@gmai.com', 'user', NULL, '$2y$12$25AaXsRq8jVqRyNkwXkMOu8APlCdDzorJhAEpUbe4ENd2sgYlpbHi', NULL, '2025-07-25 00:36:21', '2025-07-25 00:36:21');

--
-- Indexes for dumped tables
--

--
-- Indexes for table `cart_items`
--
ALTER TABLE `cart_items`
  ADD PRIMARY KEY (`id`),
  ADD KEY `cart_items_product_id_foreign` (`product_id`),
  ADD KEY `cart_items_user_id_product_id_index` (`user_id`,`product_id`),
  ADD KEY `cart_items_session_id_product_id_index` (`session_id`,`product_id`);

--
-- Indexes for table `categories`
--
ALTER TABLE `categories`
  ADD PRIMARY KEY (`id`),
  ADD UNIQUE KEY `categories_slug_unique` (`slug`);

--
-- Indexes for table `failed_jobs`
--
ALTER TABLE `failed_jobs`
  ADD PRIMARY KEY (`id`),
  ADD UNIQUE KEY `failed_jobs_uuid_unique` (`uuid`);

--
-- Indexes for table `migrations`
--
ALTER TABLE `migrations`
  ADD PRIMARY KEY (`id`);

--
-- Indexes for table `orders`
--
ALTER TABLE `orders`
  ADD PRIMARY KEY (`id`),
  ADD UNIQUE KEY `orders_order_number_unique` (`order_number`),
  ADD KEY `orders_user_id_foreign` (`user_id`);

--
-- Indexes for table `order_items`
--
ALTER TABLE `order_items`
  ADD PRIMARY KEY (`id`),
  ADD KEY `order_items_order_id_foreign` (`order_id`),
  ADD KEY `order_items_product_id_foreign` (`product_id`);

--
-- Indexes for table `password_reset_tokens`
--
ALTER TABLE `password_reset_tokens`
  ADD PRIMARY KEY (`email`);

--
-- Indexes for table `personal_access_tokens`
--
ALTER TABLE `personal_access_tokens`
  ADD PRIMARY KEY (`id`),
  ADD UNIQUE KEY `personal_access_tokens_token_unique` (`token`),
  ADD KEY `personal_access_tokens_tokenable_type_tokenable_id_index` (`tokenable_type`,`tokenable_id`);

--
-- Indexes for table `products`
--
ALTER TABLE `products`
  ADD PRIMARY KEY (`id`),
  ADD UNIQUE KEY `products_slug_unique` (`slug`),
  ADD UNIQUE KEY `products_sku_unique` (`sku`),
  ADD KEY `products_category_id_foreign` (`category_id`),
  ADD KEY `products_sold_count_index` (`sold_count`),
  ADD KEY `products_average_rating_index` (`average_rating`),
  ADD KEY `products_average_rating_sold_count_index` (`average_rating`,`sold_count`);

--
-- Indexes for table `reviews`
--
ALTER TABLE `reviews`
  ADD PRIMARY KEY (`id`),
  ADD UNIQUE KEY `reviews_product_id_user_id_unique` (`product_id`,`user_id`),
  ADD KEY `reviews_product_id_is_approved_index` (`product_id`,`is_approved`),
  ADD KEY `reviews_product_id_rating_index` (`product_id`,`rating`),
  ADD KEY `reviews_user_id_created_at_index` (`user_id`,`created_at`),
  ADD KEY `reviews_rating_index` (`rating`);

--
-- Indexes for table `users`
--
ALTER TABLE `users`
  ADD PRIMARY KEY (`id`),
  ADD UNIQUE KEY `users_email_unique` (`email`);

--
-- AUTO_INCREMENT for dumped tables
--

--
-- AUTO_INCREMENT for table `cart_items`
--
ALTER TABLE `cart_items`
  MODIFY `id` bigint UNSIGNED NOT NULL AUTO_INCREMENT, AUTO_INCREMENT=75;

--
-- AUTO_INCREMENT for table `categories`
--
ALTER TABLE `categories`
  MODIFY `id` bigint UNSIGNED NOT NULL AUTO_INCREMENT, AUTO_INCREMENT=13;

--
-- AUTO_INCREMENT for table `failed_jobs`
--
ALTER TABLE `failed_jobs`
  MODIFY `id` bigint UNSIGNED NOT NULL AUTO_INCREMENT;

--
-- AUTO_INCREMENT for table `migrations`
--
ALTER TABLE `migrations`
  MODIFY `id` int UNSIGNED NOT NULL AUTO_INCREMENT, AUTO_INCREMENT=21;

--
-- AUTO_INCREMENT for table `orders`
--
ALTER TABLE `orders`
  MODIFY `id` bigint UNSIGNED NOT NULL AUTO_INCREMENT, AUTO_INCREMENT=33;

--
-- AUTO_INCREMENT for table `order_items`
--
ALTER TABLE `order_items`
  MODIFY `id` bigint UNSIGNED NOT NULL AUTO_INCREMENT, AUTO_INCREMENT=50;

--
-- AUTO_INCREMENT for table `personal_access_tokens`
--
ALTER TABLE `personal_access_tokens`
  MODIFY `id` bigint UNSIGNED NOT NULL AUTO_INCREMENT;

--
-- AUTO_INCREMENT for table `products`
--
ALTER TABLE `products`
  MODIFY `id` bigint UNSIGNED NOT NULL AUTO_INCREMENT, AUTO_INCREMENT=96;

--
-- AUTO_INCREMENT for table `reviews`
--
ALTER TABLE `reviews`
  MODIFY `id` bigint UNSIGNED NOT NULL AUTO_INCREMENT, AUTO_INCREMENT=2037;

--
-- AUTO_INCREMENT for table `users`
--
ALTER TABLE `users`
  MODIFY `id` bigint UNSIGNED NOT NULL AUTO_INCREMENT, AUTO_INCREMENT=63;

--
-- Constraints for dumped tables
--

--
-- Constraints for table `cart_items`
--
ALTER TABLE `cart_items`
  ADD CONSTRAINT `cart_items_product_id_foreign` FOREIGN KEY (`product_id`) REFERENCES `products` (`id`) ON DELETE CASCADE,
  ADD CONSTRAINT `cart_items_user_id_foreign` FOREIGN KEY (`user_id`) REFERENCES `users` (`id`) ON DELETE CASCADE;

--
-- Constraints for table `orders`
--
ALTER TABLE `orders`
  ADD CONSTRAINT `orders_user_id_foreign` FOREIGN KEY (`user_id`) REFERENCES `users` (`id`) ON DELETE CASCADE;

--
-- Constraints for table `order_items`
--
ALTER TABLE `order_items`
  ADD CONSTRAINT `order_items_order_id_foreign` FOREIGN KEY (`order_id`) REFERENCES `orders` (`id`) ON DELETE CASCADE,
  ADD CONSTRAINT `order_items_product_id_foreign` FOREIGN KEY (`product_id`) REFERENCES `products` (`id`) ON DELETE CASCADE;

--
-- Constraints for table `products`
--
ALTER TABLE `products`
  ADD CONSTRAINT `products_category_id_foreign` FOREIGN KEY (`category_id`) REFERENCES `categories` (`id`) ON DELETE CASCADE;

--
-- Constraints for table `reviews`
--
ALTER TABLE `reviews`
  ADD CONSTRAINT `reviews_product_id_foreign` FOREIGN KEY (`product_id`) REFERENCES `products` (`id`) ON DELETE CASCADE,
  ADD CONSTRAINT `reviews_user_id_foreign` FOREIGN KEY (`user_id`) REFERENCES `users` (`id`) ON DELETE CASCADE;
COMMIT;

/*!40101 SET CHARACTER_SET_CLIENT=@OLD_CHARACTER_SET_CLIENT */;
/*!40101 SET CHARACTER_SET_RESULTS=@OLD_CHARACTER_SET_RESULTS */;
/*!40101 SET COLLATION_CONNECTION=@OLD_COLLATION_CONNECTION */;
